ID,Name,Role,Full Name,DOB,Batting Style (s),Bowling Style (s),Batting Style (l),Bowling Style (l),Playing Role
2281,R Dravid,C,Rahul Dravid,11-1-1973,rhb,ob,right-hand bat,right-arm offbreak,top-order batter
45159,Abdur Razzak,P,Abdur Razzak,15-6-1982,lhb,sla,left-hand bat,slow left-arm orthodox,bowler
7474,NC Aiyappa,P,Neravanda Aiyappa,19-10-1979,rhb,rm,right-hand bat,right-arm medium,
7987,B Akhil,P,Balachandra Akhil,7-10-1977,rhb,rmf,right-hand bat,right-arm medium-fast,bowler
50409,KP Appanna,P,KP Appanna,20-12-1988,rhb,sla,right-hand bat,slow left-arm orthodox,bowler
7979,J Arunkumar,P,Jagadeesh Arunkumar,18-1-1975,rhb,ob,right-hand bat,right-arm offbreak,
3947,MV Boucher,WK,Mark Boucher,3-12-1976,rhb,rm,right-hand bat,right-arm medium,wicketkeeper batter
2120,S Chanderpaul,P,Shivnarine Chanderpaul,16-8-1974,lhb,lb,left-hand bat,legbreak,batter
12018,B Chipli,P,Bharat Chipli,27-1-1983,rhb,rm,right-hand bat,right-arm medium,batter
52539,SP Goswami,WK,Shreevats Goswami,18-5-1989,lhb,,left-hand bat,,wicketkeeper batter
7130,W Jaffer,P,Wasim Jaffer,16-2-1978,rhb,ob,right-hand bat,right-arm offbreak,top-order batter
2292,SB Joshi,P,Sunil Joshi,6-6-1970,lhb,sla,left-hand bat,slow left-arm orthodox,allrounder
2232,JH Kallis,P,Jacques Kallis,16-10-1975,rhb,rfm,right-hand bat,right-arm fast-medium,allrounder
7678,Z Khan,P,Zaheer Khan,8-10-1978,rhb,lfm,right-hand bat,left-arm fast-medium,bowler
49752,V Kohli,P,Virat Kohli,5-11-1988,rhb,rm,right-hand bat,right-arm medium,top-order batter
48319,P Kumar,P,Praveen Kumar,2-10-1986,rhb,rm,right-hand bat,right-arm medium,bowler
1973,A Kumble,P,Anil Kumble,17-10-1970,rhb,lbg,right-hand bat,legbreak googly,bowler
19596,Misbah-ul-Haq,P,Misbah-ul-Haq,28-5-1974,rhb,lb,right-hand bat,legbreak,middle-order batter
8244,AA Noffke,P,Ashley Noffke,30-4-1977,rhb,rfm,right-hand bat,right-arm fast-medium,allrounder
10557,DT Patil,P,Devraj Patil,6-12-1984,rhb,,right-hand bat,,
47154,DW Steyn,P,Dale Steyn,27-6-1983,rhb,rf,right-hand bat,right-arm fast,bowler
44930,LRPL Taylor,P,Ross Taylor,8-3-1984,rhb,ob,right-hand bat,right-arm offbreak,middle-order batter
10556,R Vinay Kumar,P,Vinay Kumar,12-2-1984,rhb,rm,right-hand bat,right-arm medium,bowler
12049,CL White,P,Cameron White,18-8-1983,rhb,lbg,right-hand bat,legbreak googly,middle-order batter
7445,NW Bracken,P,Nathan Bracken,12-9-1977,rhb,lfm,right-hand bat,left-arm fast-medium,bowler
7593,MS Dhoni,C,MS Dhoni,7-7-1981,rhb,rm,right-hand bat,right-arm medium,wicketkeeper batter
51453,P Amarnath,P,Palani  Amarnath,1-6-1982,rhb,rm,right-hand bat,right-arm medium,
8814,S Anirudha,P,Srikkanth Anirudha,14-4-1987,rhb,,right-hand bat,,top-order batter
53754,KB Arun Karthik,P,Arun Karthik,15-2-1986,rhb,lbg,right-hand bat,legbreak googly,wicketkeeper batter
12894,R Ashwin,P,Ravichandran Ashwin,17-9-1986,rhb,ob,right-hand bat,right-arm offbreak,bowling allrounder
8821,S Badrinath,P,S Badrinath,30-8-1980,rhb,ob,right-hand bat,right-arm offbreak,middle-order batter
9022,L Balaji,P,Lakshmipathy Balaji,27-9-1981,rhb,rmf,right-hand bat,right-arm medium-fast,bowler
51178,N Einstein,P,Napoleon Einstein,16-8-1989,rhb,ob,right-hand bat,right-arm offbreak,
2121,SP Fleming,P,Stephen Fleming,1-4-1973,lhb,,left-hand bat,,top-order batter
53549,MS Gony,P,Manpreet Gony,4-1-1984,rhb,rm,right-hand bat,right-arm medium,bowler
2119,ML Hayden,P,Matthew Hayden,29-10-1971,lhb,rm,left-hand bat,right-arm medium,opening batter
6256,MEK Hussey,P,Michael Hussey,27-5-1975,lhb,rm,left-hand bat,right-arm medium,middle-order batter
7458,SB Jakati,P,Shadab Jakati,27-11-1980,lhb,sla,left-hand bat,slow left-arm orthodox,bowler
45592,Joginder Sharma,P,Joginder Sharma,23-10-1983,rhb,rfm,right-hand bat,right-arm fast-medium,allrounder
56434,VV Kadbe,P,Viraj Kadbe,18-11-1989,rhb,lb,right-hand bat,legbreak,
48520,CK Kapugedera,P,Chamara Kapugedera,24-2-1987,rhb,rm,right-hand bat,right-arm medium,middle-order batter
53379,SS Kumar,P,Suresh Kumar,20-3-1985,rhb,ob,right-hand bat,right-arm offbreak,
9505,JA Morkel,P,Albie Morkel,10-6-1981,lhb,rmf,left-hand bat,right-arm medium-fast,bowling allrounder
52541,A Mukund,P,Abhinav Mukund,6-1-1990,lhb,lbg,left-hand bat,legbreak googly,top-order batter
2041,M Muralidaran,P,Muthiah Muralidaran,17-4-1972,rhb,ob,right-hand bat,right-arm offbreak,bowler
4073,M Ntini,P,Makhaya Ntini,6-7-1977,rhb,rf,right-hand bat,right-arm fast,bowler
9989,JDP Oram,P,Jacob Oram,28-7-1978,lhb,rfm,left-hand bat,right-arm fast-medium,allrounder
9900,PA Patel,WK,Parthiv Patel,9-3-1985,lhb,ob,left-hand bat,right-arm offbreak,wicketkeeper batter
15716,SK Raina,P,Suresh Raina,27-11-1986,lhb,ob,left-hand bat,right-arm offbreak,middle-order batter
7528,S Vidyut,P,Vidyut Sivaramakrishnan,3-12-1981,lhb,sla,left-hand bat,slow left-arm orthodox,batting allrounder
53581,S Tyagi,P,Sudeep Tyagi,17-9-1987,rhb,rm,right-hand bat,right-arm medium,bowler
3317,VVS Laxman,C,VVS Laxman,1-11-1974,rhb,ob,right-hand bat,right-arm offbreak,top-order batter
8040,SB Bangar,P,Sanjay Bangar,11-10-1972,rhb,rmf,right-hand bat,right-arm medium-fast,
49330,H Das,WK,Halhadar Das,10-12-1986,rhb,,right-hand bat,,
2347,HH Gibbs,P,Herschelle Gibbs,23-2-1974,rhb,rab,right-hand bat,right-arm bowler,opening batter
4176,AC Gilchrist,WK,Adam Gilchrist,14-11-1971,lhb,ob,left-hand bat,right-arm offbreak,wicketkeeper batter
46688,D Kalyankrishna,P,Doddapaneni Kalyankrishna,16-12-1983,rhb,rmf,right-hand bat,right-arm medium-fast,
48431,PP Ojha,P,Pragyan Ojha,5-9-1986,lhb,sla,left-hand bat,slow left-arm orthodox,bowler
49361,DB Ravi Teja,P,Dwaraka Ravi Teja,5-9-1987,rhb,lbg,right-hand bat,legbreak googly,batter
54389,PM Sarvesh Kumar,P,PM Sarvesh Kumar,26-4-1989,rhb,rm,right-hand bat,right-arm medium,
4169,Shahid Afridi,P,Shahid Afridi,1-3-1980,rhb,lbg,right-hand bat,legbreak googly,allrounder
48405,RG Sharma,P,Rohit Sharma,30-4-1987,rhb,ob,right-hand bat,right-arm offbreak,top-order batter
8197,LPC Silva,P,Chamara Silva,14-12-1979,rhb,lb,right-hand bat,legbreak,batter
47123,RP Singh,P,RP Singh,6-12-1985,rhb,lfm,right-hand bat,left-arm fast-medium,bowler
9570,SB Styris,P,Scott Styris,10-7-1975,rhb,rm,right-hand bat,right-arm medium,allrounder
4382,A Symonds,P,Andrew Symonds,9-6-1975,rhb,"rm,ob",right-hand bat,"right-arm medium,right-arm offbreak",allrounder
2166,WPUJC Vaas,P,Chaminda Vaas,27-1-1974,lhb,lfm,left-hand bat,left-arm fast-medium,bowler
8163,Y Venugopal Rao,P,Venugopal Rao,26-2-1982,rhb,ob,right-hand bat,right-arm offbreak,middle-order batter
50809,DP Vijaykumar,P,Paidikalva Vijaykumar,20-10-1986,rhb,rm,right-hand bat,right-arm medium,
7634,AS Yadav,P,Arjun Yadav,23-12-1981,rhb,ob,right-hand bat,right-arm offbreak,batter
5413,DNT Zoysa,P,Nuwan Zoysa,13-5-1978,lhb,lfm,left-hand bat,left-arm fast-medium,bowler
7781,V Sehwag,C,Virender Sehwag,20-10-1978,rhb,ob,right-hand bat,right-arm offbreak,top-order batter
7520,R Bhatia,P,Rajat Bhatia,22-10-1979,rhb,rmf,right-hand bat,right-arm medium-fast,allrounder
46533,AB de Villiers,P,AB de Villiers,17-2-1984,rhb,rm,right-hand bat,right-arm medium,wicketkeeper batter
15887,S Dhawan,P,Shikhar Dhawan,5-12-1985,lhb,ob,left-hand bat,right-arm offbreak,opening batter
7419,TM Dilshan,P,Tillakaratne Dilshan,14-10-1976,rhb,ob,right-hand bat,right-arm offbreak,allrounder
7773,G Gambhir,P,Gautam Gambhir,14-10-1981,lhb,lb,left-hand bat,legbreak,top-order batter
12402,B Geeves,P,Brett Geeves,13-6-1982,rhb,rfm,right-hand bat,right-arm fast-medium,bowler
8813,KD Karthik,WK,Dinesh Karthik,1-6-1985,rhb,ob,right-hand bat,right-arm offbreak,wicketkeeper batter
11374,MF Maharoof,P,Farveez Maharoof,7-9-1984,rhb,rfm,right-hand bat,right-arm fast-medium,allrounder
48373,VY Mahesh,P,Yo Mahesh,21-12-1987,rhb,rmf,right-hand bat,right-arm medium-fast,allrounder
7630,M Manhas,P,Mithun Manhas,12-10-1979,rhb,ob,right-hand bat,right-arm offbreak,allrounder
2101,GD McGrath,P,Glenn McGrath,9-2-1970,rhb,rfm,right-hand bat,right-arm fast-medium,bowler
12562,A Mishra,P,Amit Mishra,24-11-1982,rhb,lb,right-hand bat,legbreak,bowler
19627,Mohammad Asif,P,Mohammad Asif,20-12-1982,lhb,rfm,left-hand bat,right-arm fast-medium,bowler
53582,Y Nagar,P,Yogesh Nagar,6-1-1990,rhb,ob,right-hand bat,right-arm offbreak,allrounder
51181,PJ Sangwan,P,Pradeep Sangwan,5-11-1990,rhb,lm,right-hand bat,left-arm medium,bowler
8270,Shoaib Malik,P,Shoaib Malik,1-2-1982,rhb,ob,right-hand bat,right-arm offbreak,allrounder
15389,M Tehlan,P,Mayank Tehlan,11-10-1986,rhb,ob,right-hand bat,right-arm offbreak,allrounder
47624,MK Tiwary,P,Manoj Tiwary,14-11-1985,rhb,lbg,right-hand bat,legbreak googly,batter
56586,TP Yadav,P,Tejashwi Yadav,9-11-1989,rhb,rab,right-hand bat,right-arm bowler,middle-order batter
4380,DL Vettori,P,Daniel Vettori,27-1-1979,lhb,sla,left-hand bat,slow left-arm orthodox,allrounder
7716,Yuvraj Singh,C,Yuvraj Singh,12-12-1981,lhb,sla,left-hand bat,slow left-arm orthodox,middle-order batter
6315,DPMD Jayawardene,VC,Mahela Jayawardene,27-5-1977,rhb,rm,right-hand bat,right-arm medium,batter
12958,AK Argal,P,Ajitesh Argal,21-9-1988,rhb,rm,right-hand bat,right-arm medium,
47185,PP Chawla,P,Piyush Chawla,24-12-1988,lhb,lb,left-hand bat,legbreak,bowling allrounder
4175,P Dharmani,P,Pankaj Dharmani,27-9-1974,rhb,,right-hand bat,,
51491,R Dhawan,P,Rishi Dhawan,19-2-1990,rhb,rmf,right-hand bat,right-arm medium-fast,allrounder
7723,Gagandeep Singh,P,Gagandeep Singh,3-10-1981,rhb,rmf,right-hand bat,right-arm medium-fast,
15851,K Goel,P,Karan Goel,24-12-1986,lhb,ob,left-hand bat,right-arm offbreak,opening batter
9235,JR Hopes,P,James Hopes,24-10-1978,rhb,rm,right-hand bat,right-arm medium,allrounder
6259,SM Katich,P,Simon Katich,21-8-1975,lhb,lws,left-hand bat,left-arm wrist-spin,batter
12810,U Kaul,WK,Uday Kaul,2-12-1987,lhb,,left-hand bat,,wicketkeeper
9863,SO Kukreja,P,Sahil Kukreja,9-7-1985,rhb,,right-hand bat,,
5966,B Lee,P,Brett Lee,8-11-1976,rhb,rf,right-hand bat,right-arm fast,bowler
10129,SE Marsh,P,Shaun Marsh,9-7-1983,lhb,sla,left-hand bat,slow left-arm orthodox,top-order batter
10303,KD Mills,P,Kyle Mills,15-3-1979,rhb,rfm,right-hand bat,right-arm fast-medium,bowler
9801,WA Mota,P,Wilkin Mota,20-9-1981,rhb,rm,right-hand bat,right-arm medium,
11399,IK Pathan,P,Irfan Pathan,27-10-1984,lhb,lmf,left-hand bat,left-arm medium-fast,allrounder
49092,LA Pomersbach,P,Luke Pomersbach,28-9-1984,lhb,ob,left-hand bat,right-arm offbreak,batter
10671,RR Powar,P,Ramesh Powar,20-5-1978,rhb,ob,right-hand bat,right-arm offbreak,bowler
50884,N Saini,P,Nitin Saini,28-10-1988,rhb,,right-hand bat,,wicketkeeper batter
9587,KC Sangakkara,WK,Kumar Sangakkara,27-10-1977,lhb,ob,left-hand bat,right-arm offbreak,wicketkeeper batter
6405,RR Sarwan,P,Ramnaresh Sarwan,23-6-1980,rhb,lb,right-hand bat,legbreak,batter
47184,VRV Singh,P,Vikram Singh,17-9-1984,rhb,rmf,right-hand bat,right-arm medium-fast,
49005,S Sohal,P,Sunny Sohal,10-11-1987,rhb,lb,right-hand bat,legbreak,batter
12020,S Sreesanth,P,Sreesanth,6-2-1983,rhb,rfm,right-hand bat,right-arm fast-medium,bowler
15739,TM Srivastava,P,Tanmay Srivastava,7-11-1989,lhb,rm,left-hand bat,right-arm medium,top-order batter
2024,SC Ganguly,C,Sourav Ganguly,8-7-1972,lhb,rm,left-hand bat,right-arm medium,batter
7129,AB Agarkar,P,Ajit Agarkar,4-12-1977,rhb,rf,right-hand bat,right-arm fast,bowler
7786,A Chopra,P,Aakash Chopra,19-9-1977,rhb,"rm,ob",right-hand bat,"right-arm medium,right-arm offbreak",batter
54479,DB Das,P,Debabrata Das,22-9-1986,rhb,lbg,right-hand bat,legbreak googly,top-order batter
48965,AB Dinda,P,Ashok Dinda,25-3-1984,rhb,rmf,right-hand bat,right-arm medium-fast,bowler
7568,CH Gayle,P,Chris Gayle,21-9-1979,lhb,ob,left-hand bat,right-arm offbreak,allrounder
6253,BJ Hodge,P,Brad Hodge,29-12-1974,rhb,ob,right-hand bat,right-arm offbreak,top-order batter
11984,DJ Hussey,P,David Hussey,15-7-1977,rhb,ob,right-hand bat,right-arm offbreak,allrounder
51050,Iqbal Abdulla,P,Iqbal Abdulla,2-12-1989,lhb,sla,left-hand bat,slow left-arm orthodox,allrounder
7136,M Kartik,P,Murali Kartik,11-9-1976,lhb,sla,left-hand bat,slow left-arm orthodox,bowler
54283,S Kaul,P,Siddarth Kaul,19-5-1990,rhb,rm,right-hand bat,right-arm medium,bowler
10384,BB McCullum,WK,Brendon McCullum,27-9-1981,rhb,"rm,ob",right-hand bat,"right-arm medium,right-arm offbreak",wicketkeeper batter
50377,BAW Mendis,P,Ajantha Mendis,11-3-1985,rhb,ob,right-hand bat,right-arm offbreak,bowler
19647,Mohammad Hafeez,P,Mohammad Hafeez,17-10-1980,rhb,ob,right-hand bat,right-arm offbreak,allrounder
2230,RT Ponting,P,Ricky Ponting,19-12-1974,rhb,rm,right-hand bat,right-arm medium,top-order batter
51216,WP Saha,WK,Wriddhiman Saha,24-10-1984,rhb,,right-hand bat,,wicketkeeper batter
11647,Salman Butt,P,Salman Butt,7-10-1984,lhb,ob,left-hand bat,right-arm offbreak,batter
49327,I Sharma,P,Ishant Sharma,2-9-1988,rhb,rfm,right-hand bat,right-arm fast-medium,bowler
5649,Shoaib Akhtar,P,Shoaib Akhtar,13-8-1975,rhb,rf,right-hand bat,right-arm fast,bowler
7704,LR Shukla,P,Laxmi Shukla,6-5-1981,rhb,rm,right-hand bat,right-arm medium,allrounder
10421,T Taibu,WK,Tatenda Taibu,14-5-1983,rhb,rm,right-hand bat,right-arm medium,wicketkeeper batter
44908,Umar Gul,P,Umar Gul,15-10-1982,rhb,rfm,right-hand bat,right-arm fast-medium,bowler
12979,RB Banerjee,P,Rohan Banerjee,10-12-1988,lhb,rm,left-hand bat,right-arm medium,opening batter
8077,RR Bose,P,Ranadeb Bose,27-2-1979,rhb,rfm,right-hand bat,right-arm fast-medium,
7705,SS Lahiri,P,Saurasish Lahiri,9-9-1981,rhb,ob,right-hand bat,right-arm offbreak,
17752,CA Pujara,P,Cheteshwar Pujara,25-1-1988,rhb,lb,right-hand bat,legbreak,top-order batter
45617,Yashpal Singh,P,Yashpal Singh,27-11-1981,rhb,rm,right-hand bat,right-arm medium,batter
1934,SR Tendulkar,C,Sachin Tendulkar,24-4-1973,rhb,"ob,lbg",right-hand bat,"right-arm offbreak,legbreak googly",top-order batter
7538,LE Bosman,P,Loots Bosman,14-4-1977,rhb,rm,right-hand bat,right-arm medium,opening batter
45257,DJ Bravo,P,Dwayne Bravo,7-10-1983,rhb,rm,right-hand bat,right-arm medium,allrounder
55401,AA Chavan,P,Ankeet Chavan,28-10-1985,lhb,sla,left-hand bat,slow left-arm orthodox,batter
55402,SD Chitnis,P,Siddharth Chitnis,6-5-1987,rhb,ob,right-hand bat,right-arm offbreak,batter
11937,G Dhiman,P,Gaurav Dhiman,16-12-1986,rhb,rfm,right-hand bat,right-arm fast-medium,allrounder
11271,CRD Fernando,P,Dilhara Fernando,19-7-1979,rhb,rfm,right-hand bat,right-arm fast-medium,bowler
7139,Harbhajan Singh,P,Harbhajan Singh,3-7-1980,rhb,ob,right-hand bat,right-arm offbreak,bowler
1988,ST Jayasuriya,P,Sanath Jayasuriya,30-6-1969,lhb,sla,left-hand bat,slow left-arm orthodox,allrounder
7700,MA Khote,P,Musavir Khote,22-4-1980,rhb,rm,right-hand bat,right-arm medium,
51098,DS Kulkarni,P,Dhawal Kulkarni,10-12-1988,rhb,rm,right-hand bat,right-arm medium,bowler
47308,AM Nayar,P,Abhishek Nayar,8-10-1983,lhb,rm,left-hand bat,right-arm medium,allrounder
7804,A Nehra,P,Ashish Nehra,29-4-1979,rhb,lmf,right-hand bat,left-arm medium-fast,bowler
6343,A Nel,P,Andre Nel,15-7-1977,rhb,rfm,right-hand bat,right-arm fast-medium,bowler
51454,MK Pandey,P,Manish Pandey,10-9-1989,rhb,rm,right-hand bat,right-arm medium,top-order batter
7668,RV Pawar,P,Rajesh Pawar,6-9-1979,lhb,sla,left-hand bat,slow left-arm orthodox,bowler
2228,SM Pollock,P,Shaun Pollock,16-7-1973,rhb,rfm,right-hand bat,right-arm fast-medium,allrounder
4086,AG Prince,P,Ashwell Prince,28-5-1977,lhb,ob,left-hand bat,right-arm offbreak,top-order batter
51096,AM Rahane,P,Ajinkya Rahane,6-6-1988,rhb,rm,right-hand bat,right-arm medium,top-order batter
51479,RR Raje,P,Rohan Raje,3-9-1986,rhb,rfm,right-hand bat,right-arm fast-medium,
17850,L Ronchi,P,Luke Ronchi,23-4-1981,rhb,,right-hand bat,,wicketkeeper batter
48349,PR Shah,WK,Pinal Shah,3-11-1987,rhb,,right-hand bat,,wicketkeeper batter
45554,DR Smith,P,Dwayne Smith,12-4-1983,rhb,rm,right-hand bat,right-arm medium,allrounder
49096,Swapnil Singh,P,Swapnil Singh,22-1-1991,rhb,sla,right-hand bat,slow left-arm orthodox,bowler
12928,YV Takawale,WK,Yogesh Takawale,5-11-1984,rhb,,right-hand bat,,
7447,DJ Thornely,P,Dominic Thornely,1-10-1978,rhb,"rm,ob",right-hand bat,"right-arm medium,right-arm offbreak",top-order batter
15317,SS Tiwary,P,Saurabh Tiwary,30-12-1989,lhb,,left-hand bat,,top-order batter
8742,RV Uthappa,P,Robin Uthappa,11-11-1985,rhb,rm,right-hand bat,right-arm medium,batter
52946,VS Yeligati,P,Vikrant Yeligati,23-4-1985,rhb,ob,right-hand bat,right-arm offbreak,
45105,SL Malinga,P,Lasith Malinga,28-8-1983,rhb,rf,right-hand bat,right-arm fast,bowler
2000,SK Warne,C,Shane Warne,13-9-1969,rhb,lbg,right-hand bat,legbreak googly,bowler
45582,A Angle,P,Aditya Angle,2-11-1983,rhb,ob,right-hand bat,right-arm offbreak,
12106,SA Asnodkar,P,Swapnil Asnodkar,29-3-1984,rhb,ob,right-hand bat,right-arm offbreak,batter
49247,RA Jadeja,P,Ravindra Jadeja,6-12-1988,lhb,sla,left-hand bat,slow left-arm orthodox,allrounder
7632,M Kaif,P,Mohammad Kaif,1-12-1980,rhb,ob,right-hand bat,right-arm offbreak,batter
9257,Kamran Akmal,WK,Kamran Akmal,13-1-1982,rhb,,right-hand bat,,wicketkeeper batter
51005,S Khatri,P,Sumit Khatri,15-7-1989,lhb,lws,left-hand bat,left-arm wrist-spin,
54936,T Kohli,P,Taruwar Kohli,17-12-1988,rhb,rm,right-hand bat,right-arm medium,top-order batter
3329,DS Lehmann,P,Darren Lehmann,5-2-1970,lhb,sla,left-hand bat,slow left-arm orthodox,top-order batter
17741,PP More,P,Parag More,8-6-1985,rhb,ob,right-hand bat,right-arm offbreak,
47289,M Morkel,P,Morne Morkel,6-10-1984,lhb,rf,left-hand bat,right-arm fast,bowler
48249,Pankaj Singh,P,Pankaj Singh,6-5-1985,rhb,rmf,right-hand bat,right-arm medium-fast,bowler
47100,MM Patel,P,Munaf Patel,12-7-1983,rhb,rmf,right-hand bat,right-arm medium-fast,bowler
7708,NK Patel,P,Niraj Patel,26-3-1981,lhb,,left-hand bat,,allrounder
15473,YK Pathan,P,Yusuf Pathan,17-11-1982,rhb,ob,right-hand bat,right-arm offbreak,allrounder
47252,M Rawat,P,Mahesh Rawat,25-10-1985,rhb,,right-hand bat,,wicketkeeper batter
51319,AP Revandkar,P,Anup Revandkar,25-11-1987,rhb,ob,right-hand bat,right-arm offbreak,
51109,D Salunkhe,P,Dinesh Salunkhe,12-11-1982,rhb,lb,right-hand bat,legbreak,bowler
9891,JN Shah,P,Jaydev Shah,4-5-1983,lhb,ob,left-hand bat,right-arm offbreak,batter
10406,GC Smith,P,Graeme Smith,1-2-1981,lhb,ob,left-hand bat,right-arm offbreak,opening batter
48128,Sohail Tanvir,P,Sohail Tanvir,12-12-1984,lhb,lmf,left-hand bat,left-arm medium-fast,bowler
9815,SK Trivedi,P,Siddharth Trivedi,4-9-1982,rhb,rm,right-hand bat,right-arm medium,bowler
10125,SR Watson,P,Shane Watson,17-6-1981,rhb,rfm,right-hand bat,right-arm fast-medium,allrounder
10439,Younis Khan,P,Younis Khan,29-11-1977,rhb,"rm,lb",right-hand bat,"right-arm medium,legbreak",middle-order batter
2071,JL Langer,P,Justin Langer,21-11-1970,lhb,rm,left-hand bat,right-arm medium,opening batter
6769,AD Mascarenhas,P,Dimitri Mascarenhas,30-10-1977,rhb,rfm,right-hand bat,right-arm fast-medium,allrounder
7577,HK Badani,P,Hemang Badani,14-11-1976,lhb,sla,left-hand bat,slow left-arm orthodox,middle-order batter
35384,GJ Bailey,P,George Bailey,7-9-1982,rhb,rm,right-hand bat,right-arm medium,top-order batter
45487,DE Bollinger,P,Doug Bollinger,24-7-1981,lhb,lfm,left-hand bat,left-arm fast-medium,bowler
9946,C Ganapathy,P,Chandrasekar Ganapathy,10-6-1981,rhb,rm,right-hand bat,right-arm medium,
6335,JM Kemp,P,Justin Kemp,2-10-1977,rhb,rfm,right-hand bat,right-arm fast-medium,bowling allrounder
49193,NLTC Perera,P,Thisara Perera,3-4-1989,lhb,rmf,left-hand bat,right-arm medium-fast,bowling allrounder
15267,T Thushara,P,Thilan Thushara,1-3-1981,lhb,lfm,left-hand bat,left-arm fast-medium,bowler
49342,M Vijay,P,Murali Vijay,1-4-1984,rhb,ob,right-hand bat,right-arm offbreak,opening batter
7642,Anirudh Singh,P,Anirudh Singh,2-8-1980,lhb,rm,left-hand bat,right-arm medium,
59215,A Ashish Reddy,P,Ashish Reddy,24-2-1991,rhb,rm,right-hand bat,right-arm medium,allrounder
9925,AA Bilakhia,P,Azhar Bilakhia,31-5-1986,rhb,rm,right-hand bat,right-arm medium,
59325,Harmeet Singh,P,Harmeet Singh,9-10-1987,rhb,rm,right-hand bat,right-arm medium,bowler
12601,RJ Harris,P,Ryan Harris,11-10-1979,rhb,rf,right-hand bat,right-arm fast,bowler
50771,MR Marsh,P,Mitchell Marsh,20-10-1991,rhb,rm,right-hand bat,right-arm medium,allrounder
8539,MD Mishra,P,Mohnish  Mishra,9-2-1984,rhb,ob,right-hand bat,right-arm offbreak,batter
49034,KAJ Roach,P,Kemar Roach,30-6-1988,rhb,rfm,right-hand bat,right-arm fast-medium,bowler
50810,R Sharma,P,Rahul Sharma,30-11-1986,rhb,lbg,right-hand bat,legbreak googly,bowler
12084,TL Suman,P,Tirumalasetti Suman,15-12-1983,rhb,ob,right-hand bat,right-arm offbreak,batter
49750,B Sumanth,P,Bodapati Sumanth,10-5-1988,rhb,rmf,right-hand bat,right-arm medium-fast,middle-order batter
2314,PD Collingwood,P,Paul Collingwood,26-5-1976,rhb,rm,right-hand bat,right-arm medium,allrounder
47078,MC Henriques,P,Moises Henriques,1-2-1987,rhb,rfm,right-hand bat,right-arm fast-medium,allrounder
51482,KM Jadhav,P,Kedar Jadhav,26-3-1985,rhb,ob,right-hand bat,right-arm offbreak,batting allrounder
60586,Joginder Singh,P,Joginder Singh,11-7-1980,rhb,rm,right-hand bat,right-arm medium,
53548,S Ladda,P,Sarabjit Ladda,10-7-1986,rhb,lb,right-hand bat,legbreak,bowler
9253,AB McDonald,P,Andrew McDonald,5-6-1981,rhb,rfm,right-hand bat,right-arm fast-medium,allrounder
47695,DP Nannes,P,Dirk Nannes,16-5-1976,rhb,lf,right-hand bat,left-arm fast,bowler
50121,WD Parnell,P,Wayne Parnell,30-7-1989,lhb,lmf,left-hand bat,left-arm medium-fast,bowler
10063,S Ranjan,P,Shashi Ranjan,2-11-1981,rhb,ob,right-hand bat,right-arm offbreak,
11930,AM Salvi,P,Aavishkar Salvi,20-10-1981,rhb,rm,right-hand bat,right-arm medium,bowler
7718,Sarandeep Singh,P,Sarandeep Singh,21-10-1979,rhb,ob,right-hand bat,right-arm offbreak,
48739,DA Warner,P,David Warner,27-10-1986,lhb,lb,left-hand bat,legbreak,opening batter
58274,UT Yadav,P,Umesh Yadav,25-10-1987,rhb,rf,right-hand bat,right-arm fast,bowler
48879,YA Abdulla,P,Yusuf Abdulla,17-1-1983,lhb,lfm,left-hand bat,left-arm fast-medium,bowler
48263,L Ablish,P,Love Ablish,3-12-1982,rhb,rmf,right-hand bat,right-arm medium-fast,bowler
49753,Amanpreet Singh,P,Amanpreet Singh,16-9-1989,rhb,rmf,right-hand bat,right-arm medium-fast,bowler
50886,AB Barath,P,Adrian Barath,14-4-1990,rhb,ob,right-hand bat,right-arm offbreak,opening batter
47347,Bipul Sharma,P,Bipul Sharma,28-9-1983,lhb,sla,left-hand bat,slow left-arm orthodox,allrounder
11920,MS Bisla,WK,Manvinder  Bisla,27-12-1984,rhb,,right-hand bat,,wicketkeeper
44691,RS Bopara,P,Ravi Bopara,4-5-1985,rhb,rm,right-hand bat,right-arm medium,batting allrounder
46695,VS Malik,P,Vikramjeet Malik,9-5-1983,rhb,rm,right-hand bat,right-arm medium,bowler
7128,RS Sodhi,P,Reetinder Sodhi,18-10-1980,rhb,rm,right-hand bat,right-arm medium,allrounder
8161,SJ Srivastava,P,Shalabh Srivastava,22-9-1981,rhb,lfm,right-hand bat,left-arm fast-medium,bowler
48863,J Theron,P,Rusty Theron,24-7-1985,rhb,rmf,right-hand bat,right-arm medium-fast,bowler
57444,VR Aaron,P,Varun Aaron,29-10-1989,rhb,rf,right-hand bat,right-arm fast,bowler
10280,SE Bond,P,Shane Bond,7-6-1975,rhb,rf,right-hand bat,right-arm fast,bowler
50410,Eklak Ahmid,P,Eklak Ahmid,12-10-1984,lhb,lmf,left-hand bat,left-arm medium-fast,
7133,RS Gavaskar,P,Rohan Gavaskar,20-2-1976,lhb,sla,left-hand bat,slow left-arm orthodox,
49751,HH Khadiwale,P,Harshad Khadiwale,21-10-1988,rhb,rmf,right-hand bat,right-arm medium-fast,opening batter
7540,CK Langeveldt,P,Charl Langeveldt,17-12-1974,rhb,rfm,right-hand bat,right-arm fast-medium,bowler
47023,AD Mathews,P,Angelo Mathews,2-6-1987,rhb,rm,right-hand bat,right-arm medium,allrounder
51182,CR Pathak,P,Chirag Pathak,2-2-1987,lhb,,left-hand bat,,
6377,OA Shah,P,Owais Shah,22-10-1978,rhb,ob,right-hand bat,right-arm offbreak,batter
12015,G Vignesh,P,Ganapathi Vignesh,11-9-1981,rhb,rmf,right-hand bat,right-arm medium-fast,allrounder
48998,AN Ahmed,P,Abu Nechim,5-11-1988,rhb,rmf,right-hand bat,right-arm medium-fast,bowler
45222,JP Duminy,P,Jean-Paul Duminy,14-4-1984,lhb,ob,left-hand bat,right-arm offbreak,batting allrounder
12548,C Madan,P,Chandan Madan,15-10-1982,rhb,,right-hand bat,,wicketkeeper
11830,I Malhotra,P,Ishan Malhotra,23-5-1984,rhb,rmf,right-hand bat,right-arm medium-fast,bowler
45890,R McLaren,P,Ryan McLaren,9-2-1983,lhb,rmf,left-hand bat,right-arm medium-fast,allrounder
15732,AG Murtaza,P,Ali Murtaza,1-1-1990,lhb,sla,left-hand bat,slow left-arm orthodox,bowler
7221,GR Napier,P,Graham Napier,6-1-1980,rhb,rm,right-hand bat,right-arm medium,bowling allrounder
49040,KA Pollard,P,Kieron Pollard,12-5-1987,rhb,rm,right-hand bat,right-arm medium,batting allrounder
8999,AT Rayudu,P,Ambati Rayudu,23-9-1985,rhb,ob,right-hand bat,right-arm offbreak,middle-order batter
7519,R Sathish,P,Rajagopal Sathish,14-1-1981,rhb,rm,right-hand bat,right-arm medium,allrounder
8902,KS Shahabuddin,P,Syed Shahabuddin,1-7-1979,rhb,rmf,right-hand bat,right-arm medium-fast,
59266,R Shukla,P,Rahul Shukla,28-8-1990,rhb,rm,right-hand bat,right-arm medium,bowler
55296,AP Tare,WK,Aditya Tare,7-11-1987,rhb,,right-hand bat,,wicketkeeper
10401,J Botha,P,Johan Botha,2-5-1982,rhb,ob,right-hand bat,right-arm offbreak,allrounder
9982,FY Fazal,P,Faiz Fazal,7-9-1985,lhb,rm,left-hand bat,right-arm medium,opening batter
35812,AJ Finch,P,Aaron Finch,17-11-1986,rhb,sla,right-hand bat,slow left-arm orthodox,top-order batter
8021,AA Jhunjhunwala,P,Abhishek Jhunjhunwala,1-12-1982,rhb,ob,right-hand bat,right-arm offbreak,batter
59324,Kamran Khan,P,Kamran Khan,10-3-1991,lhb,lmf,left-hand bat,left-arm medium-fast,bowler
10787,MJ Lumb,P,Michael Lumb,12-2-1980,lhb,rm,left-hand bat,right-arm medium,top-order batter
44876,S Narwal,P,Sumit Narwal,16-4-1982,lhb,rm,left-hand bat,right-arm medium,allrounder
12701,NV Ojha,WK,Naman Ojha,20-7-1983,rhb,,right-hand bat,,wicketkeeper batter
54137,AG Paunikar,WK,Amit Paunikar,18-4-1988,rhb,,right-hand bat,,wicketkeeper batter
8998,SA Quadri,P,Syed Quadri,2-12-1981,rhb,ob,right-hand bat,right-arm offbreak,
49042,AS Raut,P,Abhishek Raut,3-3-1987,rhb,lbg,right-hand bat,legbreak googly,allrounder
48269,A Singh,P,Amit Singh,21-6-1981,rhb,rmf,right-hand bat,right-arm medium-fast,bowler
17780,SW Tait,P,Shaun Tait,22-2-1983,rhb,rf,right-hand bat,right-arm fast,bowler
10485,A Uniyal,P,Amit Uniyal,21-11-1981,lhb,lm,left-hand bat,left-arm medium,
12400,AC Voges,P,Adam Voges,4-10-1979,rhb,sla,right-hand bat,slow left-arm orthodox,top-order batter
51187,SB Wagh,P,Shrikant Wagh,9-10-1988,lhb,lmf,left-hand bat,left-arm medium-fast,allrounder
2066,DR Martyn,P,Damien Martyn,21-10-1971,rhb,rm,right-hand bat,right-arm medium,top-order batter
47207,D du Preez,P,Dillon du Preez,8-11-1981,rhb,rfm,right-hand bat,right-arm fast-medium,
54282,B Kumar,P,Bhuvneshwar Kumar,5-2-1990,rhb,rm,right-hand bat,right-arm medium,bowler
53314,A Mithun,P,Abhimanyu Mithun,25-10-1989,rhb,rm,right-hand bat,right-arm medium,bowler
47055,EJG Morgan,P,Eoin Morgan,10-9-1986,lhb,rm,left-hand bat,right-arm medium,middle-order batter
8107,KP Pietersen,P,Kevin Pietersen,27-6-1980,rhb,ob,right-hand bat,right-arm offbreak,top-order batter
50281,SPD Smith,P,Steven Smith,2-6-1989,rhb,lbg,right-hand bat,legbreak googly,top-order batter
7575,S Sriram,P,Sridharan Sriram,21-2-1976,lhb,sla,left-hand bat,slow left-arm orthodox,middle-order batter
47391,RE van der Merwe,P,Roelof van der Merwe,31-12-1984,rhb,sla,right-hand bat,slow left-arm orthodox,bowling allrounder
4271,A Flintoff,P,Andrew Flintoff,6-12-1977,rhb,rfm,right-hand bat,right-arm fast-medium,allrounder
8768,Abhinav Kumar,P,Abhinav Kumar,7-11-1984,rhb,,right-hand bat,,
45774,FH Edwards,P,Fidel Edwards,6-2-1982,rhb,rf,right-hand bat,right-arm fast,bowler
58265,Jaskaran Singh,P,Jaskaran Singh,4-9-1989,rhb,rm,right-hand bat,right-arm medium,bowler
53565,Shoaib Ahmed,P,Shoaib Ahmed,19-11-1987,rhb,rfm,right-hand bat,right-arm fast-medium,
50988,BT Cockley,P,Burt Cockley,3-4-1986,rhb,rfm,right-hand bat,right-arm fast-medium,bowler
57148,R Ninan,P,Ryan Ninan,19-11-1985,rhb,ob,right-hand bat,right-arm offbreak,allrounder
15705,Ravikant Shukla,P,Ravikant Shukla,7-7-1987,lhb,rm,left-hand bat,right-arm medium,top-order batter
46591,JE Taylor,P,Jerome Taylor,22-6-1984,rhb,rf,right-hand bat,right-arm fast,bowler
58299,Anureet Singh,P,Anureet Singh,2-3-1988,rhb,rm,right-hand bat,right-arm medium,bowler
48744,AN Ghosh,P,Arindam Ghosh,19-10-1986,rhb,rm,right-hand bat,right-arm medium,batter
24672,Mashrafe Mortaza,P,Mashrafe Mortaza,5-10-1983,rhb,rfm,right-hand bat,right-arm fast-medium,bowler
58340,SS Shaikh,P,Shoaib Shaikh,18-1-1987,rhb,rm,right-hand bat,right-arm medium,
6354,MN van Wyk,WK,Morne van Wyk,20-3-1979,rhb,sla,right-hand bat,slow left-arm orthodox,wicketkeeper batter
24667,Mohammad Ashraful,P,Mohammad Ashraful,7-7-1984,rhb,"ob,lb",right-hand bat,"right-arm offbreak,legbreak",middle-order batter
48253,C Nanda,P,Chetanya Nanda,29-3-1979,rhb,lb,right-hand bat,legbreak,
51158,RA Shaikh,P,Rahil Shaikh,12-6-1985,lhb,lm,left-hand bat,left-arm medium,
8114,LA Carseldine,P,Lee Carseldine,17-11-1975,lhb,lm,left-hand bat,left-arm medium,allrounder
59638,PS Chavan,P,Pushkaraj Chavan,18-5-1989,lhb,sla,left-hand bat,slow left-arm orthodox,
8807,RV Gomez,P,Raiphi Gomez,16-10-1985,rhb,rm,right-hand bat,right-arm medium,allrounder
8399,SM Harwood,P,Shane Harwood,1-3-1974,rhb,rfm,right-hand bat,right-arm fast-medium,bowler
7549,T Henderson,P,Tyron Henderson,1-8-1974,rhb,rfm,right-hand bat,right-arm fast-medium,bowler
51487,AA Malek,P,Abdulahad Malek,9-8-1986,lhb,,left-hand bat,,
52809,Mohammed Arif,P,Mohammed Arif,30-9-1990,lhb,rm,left-hand bat,right-arm medium,
48571,RJ Quiney,P,Rob Quiney,20-8-1982,lhb,rm,left-hand bat,right-arm medium,batter
59636,AS Sharma,WK,Atul Sharma,1-5-1989,rhb,rf,right-hand bat,right-arm fast,
54284,G Singh,P,Gajendra Singh,10-9-1988,rhb,sla,right-hand bat,slow left-arm orthodox,
7793,PC Valthaty,P,Paul Valthaty,7-12-1983,rhb,rm,right-hand bat,right-arm medium,batter
12619,P Dogra,P,Paras Dogra,19-11-1984,rhb,lb,right-hand bat,legbreak,batter
48252,AM Makda,P,Ashraf Makda,28-8-1978,lhb,lmf,left-hand bat,left-arm medium-fast,
51326,SG Mangela,P,Shrideep Mangela,1-4-1988,lhb,lbg,left-hand bat,legbreak googly,
51455,S Aravind,P,Sreenath Aravind,8-4-1984,lhb,lmf,left-hand bat,left-arm medium-fast,bowler
47322,SS Bandekar,P,Saurabh Bandekar,16-11-1987,rhb,rmf,right-hand bat,right-arm medium-fast,allrounder
17731,RR Bhatkal,P,Raju Bhatkal,1-9-1985,rhb,rm,right-hand bat,right-arm medium,allrounder
49318,R Bishnoi,P,Rajesh Bishnoi,8-10-1987,rhb,rmf,right-hand bat,right-arm medium-fast,middle-order batter
52521,CM Gautam,P,Chidhambaram Gautam,8-3-1986,rhb,,right-hand bat,,wicketkeeper
51189,IR Jaggi,P,Ishank Jaggi,27-1-1989,rhb,lbg,right-hand bat,legbreak googly,batter
10554,UB Patel,P,Udit Patel,31-8-1984,rhb,ob,right-hand bat,right-arm offbreak,
51218,JA Patil,P,Jitendra Patil,9-9-1989,rhb,lm,right-hand bat,left-arm medium,
44946,JD Ryder,P,Jesse Ryder,6-8-1984,lhb,rm,left-hand bat,right-arm medium,allrounder
8843,RK Sabharwal,P,RK Sabharwal,8-1-1978,rhb,,right-hand bat,,
15731,KV Sharma,P,Karn Sharma,23-10-1987,lhb,lbg,left-hand bat,legbreak googly,bowler
59254,R Suthesh,P, Rangaraj Suthesh,8-4-1987,lhb,lm,left-hand bat,left-arm medium,bowler
8762,T Yohannan,P,Tinu Yohannan,18-2-1979,rhb,rmf,right-hand bat,right-arm medium-fast,
46933,F du Plessis,P,Faf du Plessis,13-7-1984,rhb,lb,right-hand bat,legbreak,middle-order batter
44865,BW Hilfenhaus,P,Ben Hilfenhaus,15-3-1983,rhb,rfm,right-hand bat,right-arm fast-medium,bowler
46206,KMDN Kulasekara,P,Nuwan Kulasekara,22-7-1982,rhb,rfm,right-hand bat,right-arm fast-medium,bowler
11385,S Randiv,P,Suraj Randiv,30-1-1985,rhb,ob,right-hand bat,right-arm offbreak,bowler
49108,TG Southee,P,Tim Southee,11-12-1988,rhb,rmf,right-hand bat,right-arm medium-fast,bowler
10198,K Vasudevadas,P,Kuthethurshri Vasudevadas,26-1-1985,lhb,lb,left-hand bat,legbreak,batter
48381,Anand Rajan,P,Anand Rajan,17-4-1987,rhb,rm,right-hand bat,right-arm medium,bowler
60609,Ankit Sharma,P,Ankit Sharma,20-4-1991,lhb,sla,left-hand bat,slow left-arm orthodox,bowler
61985,AA Bhandari,P,Akash Bhandari,10-6-1993,rhb,lb,right-hand bat,legbreak,bowler
44853,DT Christian,P,Dan Christian,4-5-1983,rhb,rfm,right-hand bat,right-arm fast-medium,allrounder
56415,KH Devdhar,P,Kedar Devdhar,14-12-1989,rhb,,right-hand bat,,wicketkeeper
54340,CA Lynn,P,Chris Lynn,10-4-1990,rhb,sla,right-hand bat,slow left-arm orthodox,batter
12036,TR Birt,P,Travis Birt,9-12-1981,lhb,rm,left-hand bat,right-arm medium,middle-order batter
50064,R Bist,P,Robin Bist,2-11-1987,rhb,ob,right-hand bat,right-arm offbreak,middle-order batter
61988,UBT Chand,P,Unmukt Chand,26-3-1993,rhb,ob,right-hand bat,right-arm offbreak,wicketkeeper batter
47324,A Chandila,P,Ajit  Chandila,5-12-1983,rhb,ob,right-hand bat,right-arm offbreak,allrounder
48088,R Frylinck,P,Robbie Frylinck,27-9-1984,rhb,rm,right-hand bat,right-arm medium,allrounder
48155,CA Ingram,P,Colin Ingram,3-7-1985,lhb,lb,left-hand bat,legbreak,top-order batter
15308,S Nadeem,P,Shahbaz Nadeem,12-8-1989,rhb,sla,right-hand bat,slow left-arm orthodox,bowler
48403,PT Naik,P,Prashant Naik,2-9-1986,rhb,lbg,right-hand bat,legbreak googly,middle-order batter
61722,Vikas Mishra,P,Vikas Mishra,27-12-1992,rhb,sla,right-hand bat,slow left-arm orthodox,bowler
48402,Vivek Yadav,P,Vivek Yadav,9-12-1984,rhb,lb,right-hand bat,legbreak,bowler
49024,MS Wade,P,Matthew Wade,26-12-1987,lhb,rm,left-hand bat,right-arm medium,wicketkeeper batter
51461,Amit Yadav,P,Amit Yadav,10-10-1989,rhb,ob,right-hand bat,right-arm offbreak,allrounder
61489,BA Bhatt,P,Bhargav Bhatt,13-5-1990,lhb,sla,left-hand bat,slow left-arm orthodox,bowler
59601,Mandeep Singh,P,Mandeep Singh,18-12-1991,rhb,rm,right-hand bat,right-arm medium,allrounder
53891,DA Miller,P,David Miller,10-6-1989,lhb,ob,left-hand bat,right-arm offbreak,middle-order batter
15813,NJ Rimmington,P,Nathan Rimmington,11-11-1982,rhb,rfm,right-hand bat,right-arm fast-medium,bowler
47186,Sunny Singh,P,Sunny Singh,18-12-1986,rhb,rmf,right-hand bat,right-arm medium-fast,batter
48440,SCJ Broad,P,Stuart Broad,24-6-1986,lhb,rfm,left-hand bat,right-arm fast-medium,bowler
9006,DA Chougule,P,Deepak Chougule,1-4-1984,rhb,ob,right-hand bat,right-arm offbreak,batter
8989,Y Gnaneswara Rao,P,Gnaneswara Rao,25-8-1984,rhb,rm,right-hand bat,right-arm medium,allrounder
49002,JW Hastings,P,John Hastings,4-11-1985,rhb,rfm,right-hand bat,right-arm fast-medium,allrounder
8241,M Klinger,P,Michael Klinger,4-7-1980,rhb,,right-hand bat,,batter
48378,SH Marathe,P,Sushant Marathe,16-10-1985,lhb,lbg,left-hand bat,legbreak googly,wicketkeeper
35466,SNJ O'Keefe,P,Steve O'Keefe,9-12-1984,rhb,sla,right-hand bat,slow left-arm orthodox,allrounder
51196,P Parameswaran,P,Prasanth Parameswaran,30-5-1985,rhb,lm,right-hand bat,left-arm medium,
21588,P Prasanth,P,Padmanabhan Prasanth,3-9-1985,lhb,sla,left-hand bat,slow left-arm orthodox,allrounder
6426,BJ Haddin,WK,Brad Haddin,23-10-1977,rhb,,right-hand bat,,wicketkeeper batter
63646,Mohammed Shami,P,Mohammed Shami,3-9-1990,rhb,rf,right-hand bat,right-arm fast,bowler
50781,JL Pattinson,P,James Pattinson,3-5-1990,lhb,rfm,left-hand bat,right-arm fast-medium,bowler
48277,Shakib Al Hasan,P,Shakib Al Hasan,24-3-1987,lhb,sla,left-hand bat,slow left-arm orthodox,allrounder
45358,RN ten Doeschate,P,Ryan ten Doeschate,30-6-1980,rhb,rmf,right-hand bat,right-arm medium-fast,allrounder
59261,JD Unadkat,P,Jaydev Unadkat,18-10-1991,rhb,lm,right-hand bat,left-arm medium,bowler
47065,AC Blizzard,P,Aiden Blizzard,27-6-1984,lhb,lm,left-hand bat,left-arm medium,batter
61325,YS Chahal,P,Yuzvendra Chahal,23-7-1990,rhb,lbg,right-hand bat,legbreak googly,bowler
9639,JEC Franklin,P,James Franklin,7-11-1980,lhb,lm,left-hand bat,left-arm medium,allrounder
35344,DJ Jacobs,P,Davy Jacobs,4-11-1982,rhb,rm,right-hand bat,right-arm medium,wicketkeeper batter
63517,S Kanwar,P,Sarul Kanwar,8-11-1987,rhb,rmf,right-hand bat,right-arm medium-fast,batter
61383,P Suyal,P,Pawan Suyal,15-10-1989,rhb,lm,right-hand bat,left-arm medium,bowler
61990,SA Yadav,P,Suryakumar Yadav,14-9-1990,rhb,"rm,ob",right-hand bat,"right-arm medium,right-arm offbreak",batter
7633,BSK Yadav,P,Santosh Yadav,17-10-1979,lhb,ob,left-hand bat,right-arm offbreak,bowler
47693,CJ McKay,P,Clint McKay,20-2-1983,rhb,rfm,right-hand bat,right-arm fast-medium,bowler
56438,ER Dwivedi,P,Eklavya Dwivedi,22-7-1988,rhb,,right-hand bat,,wicketkeeper
50483,JP Faulkner,P,James Faulkner,29-4-1990,rhb,lfm,right-hand bat,left-arm fast-medium,bowling allrounder
26889,CJ Ferguson,P,Callum Ferguson,21-11-1984,rhb,rm,right-hand bat,right-arm medium,middle-order batter
50861,GB Gaikwad,P,Ganesh Gaikwad,4-12-1987,rhb,ob,right-hand bat,right-arm offbreak,bowler
56442,Harpreet Singh,P,Harpreet Singh,11-8-1991,lhb,rm,left-hand bat,right-arm medium,batter
56451,Imtiaz Ahmed,P,Imtiaz Ahmed,10-11-1985,rhb,rm,right-hand bat,right-arm medium,bowler
9822,DS Jadhav,P,Dheeraj Jadhav,16-9-1979,lhb,ob,left-hand bat,right-arm offbreak,batter
10386,NL McCullum,P,Nathan McCullum,1-9-1980,rhb,ob,right-hand bat,right-arm offbreak,bowler
51220,SS Mundhe,P,Shrikant Mundhe,27-10-1988,rhb,rm,right-hand bat,right-arm medium,allrounder
34747,TD Paine,WK,Tim Paine,8-12-1984,rhb,rm,right-hand bat,right-arm medium,wicketkeeper batter
47340,S Rana,P,Sachin Rana,18-9-1984,rhb,rmf,right-hand bat,right-arm medium-fast,bowler
10562,AC Thomas,P,Alfonso Thomas,9-2-1977,rhb,rfm,right-hand bat,right-arm fast-medium,bowler
10553,STR Binny,P,Stuart Binny,3-6-1984,rhb,rm,right-hand bat,right-arm medium,allrounder
62022,DL Chahar,P,Deepak Chahar,7-8-1992,rhb,rm,right-hand bat,right-arm medium,bowler
49314,AP Dole,P,Aditya Dole,9-10-1987,rhb,rmf,right-hand bat,right-arm medium-fast,bowler
36039,ND Doshi,P,Nayan Doshi,6-10-1978,rhb,sla,right-hand bat,slow left-arm orthodox,bowler
53571,SM Fallah,P,Samad Fallah,2-5-1985,lhb,lm,left-hand bat,left-arm medium,bowler
58116,AL Menaria,P,Ashok Menaria,29-10-1990,lhb,sla,left-hand bat,slow left-arm orthodox,allrounder
8726,DH Yagnik,P,Dishant Yagnik,22-6-1983,lhb,,left-hand bat,,wicketkeeper
59599,MA Agarwal,P,Mayank Agarwal,16-2-1991,rhb,ob,right-hand bat,right-arm offbreak,batter
63433,BN Bharath,P,BN Bharath,1-11-1985,rhb,rm,right-hand bat,right-arm medium,allrounder
54131,ANPR Fernando,P,Nuwan Pradeep,19-10-1986,rhb,rfm,right-hand bat,right-arm fast-medium,bowler
60529,AA Kazi,P,Abrar Kazi,29-9-1989,lhb,sla,left-hand bat,slow left-arm orthodox,bowler
61334,AUK Pathan,P,Asad Pathan,17-6-1984,rhb,rm,right-hand bat,right-arm medium,bowler
53649,RR Rossouw,P,Rilee Rossouw,9-10-1989,lhb,ob,left-hand bat,right-arm offbreak,top-order batter
44814,J Syed Mohammad,P,Jamaluddin Syed Mohammad,3-6-1983,lhb,sla,left-hand bat,slow left-arm orthodox,bowler
4130,JJ van der Wath,P,Johan van der Wath,10-1-1978,rhb,rmf,right-hand bat,right-arm medium-fast,allrounder
51346,JD Vandiar,P,Jonathan Vandiar,25-4-1990,lhb,lb,left-hand bat,legbreak,batter
56407,T Atchuta Rao,P,Tekkami Atchuta Rao,21-8-1986,lhb,lm,left-hand bat,left-arm medium,bowler
51054,DM Bravo,P,Darren Bravo,6-2-1989,lhb,rm,left-hand bat,right-arm medium,top-order batter
9707,DJ Harris,P,Daniel Harris,31-12-1979,rhb,rm,right-hand bat,right-arm medium,
48189,T Mishra,P,Tanmay Mishra,22-12-1986,rhb,rfm,right-hand bat,right-arm fast-medium,middle-order batter
66142,V Pratap Singh,P,Veer Pratap Singh,3-5-1992,rhb,rm,right-hand bat,right-arm medium,
58269,PA Reddy,P,Akshath Reddy,11-2-1991,rhb,lb,right-hand bat,legbreak,opening batter
61318,BB Samantray,P,Biplab Samantray,14-12-1988,rhb,rm,right-hand bat,right-arm medium,allrounder
66001,C Sneha Kishore,P,Sneha Kishore,31-12-1993,rhb,sla,right-hand bat,slow left-arm orthodox,
10145,TP Sudhindra,P,TP Sudhindra,24-4-1984,lhb,rf,left-hand bat,right-arm fast,
49313,P Bisht,P,Punit Bisht,15-6-1986,rhb,,right-hand bat,,wicketkeeper batter
6323,GH Bodi,P,Gulam Bodi,4-1-1979,lhb,lws,left-hand bat,left-arm wrist-spin,opening batter
57609,DAJ Bracewell,P,Doug Bracewell,28-9-1990,rhb,rfm,right-hand bat,right-arm fast-medium,bowler
50618,Sunny Gupta,P,Sunny Gupta,27-9-1988,rhb,ob,right-hand bat,right-arm offbreak,
59259,MC Juneja,P,Manprit Juneja,12-9-1990,rhb,ob,right-hand bat,right-arm offbreak,top-order batter
54222,GJ Maxwell,P,Glenn Maxwell,14-10-1988,rhb,ob,right-hand bat,right-arm offbreak,batting allrounder
66253,P Negi,P,Pawan Negi,6-1-1993,lhb,sla,left-hand bat,slow left-arm orthodox,bowler
67611,ZR Patel,P,Zafir Patel,14-9-1992,rhb,rmf,right-hand bat,right-arm medium-fast,
56376,KC Raval,P,Kuldeep Raval,30-11-1985,lhb,sla,left-hand bat,slow left-arm orthodox,
51012,AD Russell,P,Andre Russell,29-4-1988,rhb,rf,right-hand bat,right-arm fast,allrounder
52222,KJ Abbott,P,Kyle Abbott,18-6-1987,rhb,rfm,right-hand bat,right-arm fast-medium,bowler
54010,P Awana,P,Parvinder Awana,19-7-1986,rhb,rm,right-hand bat,right-arm medium,bowler
4173,Azhar Mahmood,P,Azhar Mahmood,28-2-1975,rhb,rfm,right-hand bat,right-arm fast-medium,bowling allrounder
49028,BCJ Cutting,P,Ben Cutting,30-1-1987,rhb,rfm,right-hand bat,right-arm fast-medium,allrounder
66725,Gurkeerat Singh,P,Gurkeerat Singh Mann,29-6-1990,rhb,ob,right-hand bat,right-arm offbreak,middle-order batter
59394,M de Lange,P,Marchant de Lange,13-10-1990,rhb,rf,right-hand bat,right-arm fast,bowler
66087,CS Jani,P,Chirag Jani,9-11-1989,rhb,rm,right-hand bat,right-arm medium,allrounder
49039,SP Narine,P,Sunil Narine,26-5-1988,lhb,ob,left-hand bat,right-arm offbreak,bowling allrounder
60806,SV Samson,P,Sanju Samson,11-11-1994,rhb,,right-hand bat,,wicketkeeper batter
54391,I Saxena,P,Iresh Saxena,14-3-1984,rhb,sla,right-hand bat,slow left-arm orthodox,
63677,Amitoze Singh,P,Amitoze Singh,14-2-1989,rhb,rm,right-hand bat,right-arm medium,allrounder
67609,Kuldeep Yadav,P,Kuldeep Yadav,14-12-1994,lhb,lws,left-hand bat,left-arm wrist-spin,bowler
48359,RE Levi,P,Richard Levi,14-1-1988,rhb,rm,right-hand bat,right-arm medium,opening batter
63520,SS Nayak,P,Sujit Nayak,23-6-1989,lhb,sla,left-hand bat,slow left-arm orthodox,
9492,RJ Peterson,P,Robin Peterson,4-8-1979,lhb,sla,left-hand bat,slow left-arm orthodox,bowler
64936,AV Wankhade,P,Apoorv Wankhade,14-3-1992,rhb,rm,right-hand bat,right-arm medium,middle-order batter
10130,MG Johnson,P,Mitchell Johnson,2-11-1981,lhb,lf,left-hand bat,left-arm fast,bowler
8876,MJ Clarke,P,Michael Clarke,2-4-1981,rhb,sla,right-hand bat,slow left-arm orthodox,middle-order batter
48248,AP Majumdar,P,Anustup Majumdar,30-4-1984,rhb,lbg,right-hand bat,legbreak googly,
10238,MN Samuels,P,Marlon Samuels,5-2-1981,rhb,ob,right-hand bat,right-arm offbreak,top-order batter
48391,Tamim Iqbal,P,Tamim Iqbal,20-3-1989,lhb,,left-hand bat,,opening batter
61411,K Upadhyay,P,Krishnakant  Upadhyay,18-6-1986,rhb,rm,right-hand bat,right-arm medium,
44660,LJ Wright,P,Luke Wright,7-3-1985,rhb,rm,right-hand bat,right-arm medium,top-order batter
52371,LD Chandimal,P,Dinesh Chandimal,18-11-1989,rhb,ob,right-hand bat,right-arm offbreak,wicketkeeper batter
58185,KK Cooper,P,Kevon Cooper,16-2-1989,rhb,rm,right-hand bat,right-arm medium,allrounder
3328,GB Hogg,P,Brad Hogg,6-2-1971,lhb,lws,left-hand bat,left-arm wrist-spin,allrounder
59600,KK Nair,P,Karun Nair,6-12-1991,rhb,ob,right-hand bat,right-arm offbreak,top-order batter
59260,HV Patel,P,Harshal Patel,23-11-1990,rhb,rm,right-hand bat,right-arm medium,bowler
67612,S Thiyagarajan,P,S Thiyagarajan,26-10-1984,rhb,rm,right-hand bat,right-arm medium,
67457,VH Zol,P,Vijay Zol,23-11-1994,lhb,ob,left-hand bat,right-arm offbreak,
63523,B Aparajith,P,Baba Aparajith,8-7-1994,rhb,ob,right-hand bat,right-arm offbreak,batting allrounder
68065,A Dananjaya,P,Akila Dananjaya,4-10-1993,lhb,"ob,lb",left-hand bat,"right-arm offbreak,legbreak",bowling allrounder
59339,JO Holder,P,Jason Holder,5-11-1991,rhb,rmf,right-hand bat,right-arm medium-fast,bowling allrounder
53439,B Laughlin,P,Ben Laughlin,3-10-1982,rhb,rfm,right-hand bat,right-arm fast-medium,bowler
60691,RG More,P,Ronit More,2-2-1992,rhb,rm,right-hand bat,right-arm medium,bowler
61832,CH Morris,P,Chris Morris,30-4-1987,rhb,rfm,right-hand bat,right-arm fast-medium,bowling allrounder
69114,AS Rajpoot,P,Ankit Rajpoot,4-12-1993,rhb,rm,right-hand bat,right-arm medium,bowler
70614,Ravi Karthikeyan,P,Ravi Karthikeyan,26-1-1993,lhb,sla,left-hand bat,slow left-arm orthodox,bowler
63509,V Shankar,P,Vijay Shankar,26-1-1991,rhb,rm,right-hand bat,right-arm medium,allrounder
66722,MM Sharma,P,Mohit Sharma,18-9-1988,rhb,rm,right-hand bat,right-arm medium,bowler
70615,RH Dias,P,Royston Dias,30-1-1993,lhb,lm,left-hand bat,left-arm medium,
24777,BMAJ Mendis,P,Jeevan Mendis,15-1-1983,lhb,lb,left-hand bat,legbreak,allrounder
47079,BJ Rohrer,P,Ben Rohrer,26-3-1981,lhb,,left-hand bat,,middle-order batter
66089,AS Singhvi,P,Aristh Singhvi,31-5-1992,lhb,sla,left-hand bat,slow left-arm orthodox,
66085,A Choudhary,P,Aniket Choudhary,28-1-1990,rhb,lm,right-hand bat,left-arm medium,bowler
58276,MG Neser,P,Michael Neser,29-3-1990,rhb,rmf,right-hand bat,right-arm medium-fast,bowling allrounder
61797,Sandeep Sharma,P,Sandeep Sharma,18-5-1993,rhb,rm,right-hand bat,right-arm medium,bowler
66358,M Vohra,P,Manan Vohra,18-7-1993,rhb,rm,right-hand bat,right-arm medium,opening batter
50837,SMSM Senanayake,P,Sachithra Senanayake,9-2-1985,rhb,ob,right-hand bat,right-arm offbreak,bowler
70640,JJ Bumrah,P,Jasprit Bumrah,6-12-1993,rhb,rf,right-hand bat,right-arm fast,bowler
49958,NM Coulter-Nile,P,Nathan Coulter-Nile,11-10-1987,rhb,rf,right-hand bat,right-arm fast,bowling allrounder
50734,PJ Hughes,P,Phillip Hughes,30-11-1988,lhb,,left-hand bat,,opening batter
49346,Jalaj S Saxena,P,Jalaj Saxena,15-12-1986,rhb,"ob,lbg",right-hand bat,"right-arm offbreak,legbreak googly",allrounder
70920,Javed Khan,P,Javed Khan,10-7-1993,rhb,rfm,right-hand bat,right-arm fast-medium,
67455,AR Patel,P,Axar Patel,20-1-1994,lhb,sla,left-hand bat,slow left-arm orthodox,allrounder
50068,UA Birla,P,Udit Birla,17-11-1989,rhb,rm,right-hand bat,right-arm medium,
62033,IC Pandey,P,Ishwar Pandey,15-8-1989,rhb,rm,right-hand bat,right-arm medium,bowler
58365,Parvez Rasool,P,Parvez Rasool,13-2-1989,rhb,ob,right-hand bat,right-arm offbreak,bowling allrounder
50709,KW Richardson,P,Kane Richardson,12-2-1991,rhb,rfm,right-hand bat,right-arm fast-medium,bowler
45772,S Badree,P,Samuel Badree,9-3-1981,rhb,lb,right-hand bat,legbreak,bowler
60588,Harmeet Singh,P,Harmeet Singh,7-9-1992,lhb,sla,left-hand bat,slow left-arm orthodox,bowling allrounder
52373,MDKJ Perera,P,Kusal Perera,17-8-1990,lhb,,left-hand bat,,wicketkeeper batter
61479,Sachin Baby,P,Sachin Baby,18-12-1988,lhb,ob,left-hand bat,right-arm offbreak,batter
68573,PV Tambe,P,Pravin Tambe,8-10-1971,rhb,lb,right-hand bat,legbreak,bowler
54571,CD Barnwell,P,Chris Barnwell,6-1-1987,rhb,rmf,right-hand bat,right-arm medium-fast,allrounder
49357,SP Jackson,P,Sheldon Jackson,27-9-1986,rhb,ob,right-hand bat,right-arm offbreak,wicketkeeper batter
60530,KL Rahul,P,KL Rahul,18-4-1992,rhb,,right-hand bat,,wicketkeeper batter
45258,R Rampaul,P,Ravi Rampaul,15-10-1984,lhb,rfm,left-hand bat,right-arm fast-medium,bowler
69227,S Sandeep Warrier,P,Sandeep Warrier,4-4-1991,rhb,rm,right-hand bat,right-arm medium,bowler
58406,Q de Kock,P,Quinton de Kock,17-12-1992,lhb,,left-hand bat,,wicketkeeper batter
44829,DJG Sammy,P,Daren Sammy,20-12-1983,rhb,rm,right-hand bat,right-arm medium,allrounder
53753,X Thalaivan Sargunam,P,Thalaivan Sargunam,15-5-1985,rhb,ob,right-hand bat,right-arm offbreak,
62182,GH Vihari,P,Hanuma Vihari,13-10-1993,rhb,ob,right-hand bat,right-arm offbreak,batting allrounder
46597,MM Ali,P,Moeen Ali,18-6-1987,lhb,ob,left-hand bat,right-arm offbreak,batting allrounder
96757,KM Asif,P,KM Asif,24-7-1993,rhb,rm,right-hand bat,right-arm medium,bowler
108588,K Bhagath Varma,P,Bhagath Varma,21-9-1998,rhb,ob,right-hand bat,right-arm offbreak,bowling allrounder
58403,DP Conway,P,Devon Conway,8-7-1991,lhb,rm,left-hand bat,right-arm medium,wicketkeeper batter
80607,TU Deshpande,P,Tushar Deshpande,15-5-1995,lhb,rm,left-hand bat,right-arm medium,bowler
74975,S Dube,P,Shivam Dube,26-6-1993,lhb,rm,left-hand bat,right-arm medium,allrounder
95094,RD Gaikwad,P,Ruturaj Gaikwad,31-1-1997,rhb,ob,right-hand bat,right-arm offbreak,batter
104758,RS Hangargekar,P,Rajvardhan Hangargekar,10-11-2002,rhb,rfm,right-hand bat,right-arm fast-medium,bowling allrounder
94159,C Hari Nishaanth,P,Hari Nishaanth,16-8-1996,lhb,ob,left-hand bat,right-arm offbreak,opening batter
94125,N Jagadeesan,P,Narayan Jagadeesan,24-12-1995,rhb,,right-hand bat,,wicketkeeper batter
51421,CJ Jordan,P,Chris Jordan,4-10-1988,rhb,rfm,right-hand bat,right-arm fast-medium,bowler
101414,Mukesh Choudhary,P,Mukesh Choudhary,6-7-1996,lhb,lm,left-hand bat,left-arm medium,bowler
105938,M Pathirana,P,Matheesha Pathirana,18-12-2002,rhb,rf,right-hand bat,right-arm fast,bowler
54430,D Pretorius,P,Dwaine Pretorius,29-3-1989,rhb,rmf,right-hand bat,right-arm medium-fast,bowling allrounder
64864,MJ Santner,P,Mitchell Santner,5-2-1992,lhb,sla,left-hand bat,slow left-arm orthodox,bowling allrounder
95070,SP Senapati,P,Subhranshu Senapati,30-12-1996,rhb,rm,right-hand bat,right-arm medium,top-order batter
103599,Simarjeet Singh,P,Simarjeet Singh,17-1-1998,rhb,rmf,right-hand bat,right-arm medium-fast,bowler
108612,PH Solanki,P,Prashant Solanki,22-2-2000,rhb,lb,right-hand bat,legbreak,bowler
101991,M Theekshana,P,Maheesh Theekshana,1-8-2000,rhb,ob,right-hand bat,right-arm offbreak,bowler
62153,AF Milne,P,Adam Milne,13-4-1992,rhb,rf,right-hand bat,right-arm fast,bowler
86165,RR Pant,C,Rishabh Pant,4-10-1997,lhb,,left-hand bat,,wicketkeeper batter
87603,KK Ahmed,P,Khaleel Ahmed,5-12-1997,rhb,lfm,right-hand bat,left-arm fast-medium,bowler
79539,K Ashwin Hebbar,P,Ashwin Hebbar,15-11-1995,rhb,rsm,right-hand bat,right-arm slow-medium,opening batter
66183,KS Bharat,P,Srikar Bharat,3-10-1993,rhb,,right-hand bat,,wicketkeeper batter
110977,YV Dhull,P,Yash Dhull,11-11-2002,rhb,ob,right-hand bat,right-arm offbreak,top-order batter
77821,P Dubey,P,Praveen Dubey,1-7-1993,rhb,lbg,right-hand bat,legbreak googly,bowler
71335,SN Khan,P,Sarfaraz Khan,22-10-1997,rhb,lb,right-hand bat,legbreak,middle-order batter
86109,Lalit Yadav,P,Lalit Yadav,3-1-1997,rhb,ob,right-hand bat,right-arm offbreak,allrounder
54674,Mustafizur Rahman,P,Mustafizur Rahman,6-9-1995,lhb,lfm,left-hand bat,left-arm fast-medium,bowler
95323,KL Nagarkoti,P,Kamlesh Nagarkoti,28-12-1999,rhb,rf,right-hand bat,right-arm fast,bowler
66941,L Ngidi,P,Lungi Ngidi,29-3-1996,rhb,rfm,right-hand bat,right-arm fast-medium,bowler
63651,A Nortje,P,Anrich Nortje,16-11-1993,rhb,rf,right-hand bat,right-arm fast,bowler
110999,VK Ostwal,P,Vicky Ostwal,1-9-2002,rhb,sla,right-hand bat,slow left-arm orthodox,bowler
106418,RV Patel,P,Ripal Patel,28-9-1995,rhb,rmf,right-hand bat,right-arm medium-fast,middle-order batter
80425,R Powell,P,Rovman Powell,23-7-1993,rhb,rmf,right-hand bat,right-arm medium-fast,middle-order batter
101780,C Sakariya,P,Chetan Sakariya,28-2-1998,lhb,lmf,left-hand bat,left-arm medium-fast,bowler
70695,TL Seifert,P,Tim Seifert,14-12-1994,rhb,,right-hand bat,,wicketkeeper batter
95315,PP Shaw,P,Prithvi Shaw,9-11-1999,rhb,ob,right-hand bat,right-arm offbreak,opening batter
63477,SN Thakur,P,Shardul Thakur,16-10-1991,rhb,rm,right-hand bat,right-arm medium,bowler
70633,HH Pandya,C,Hardik Pandya,11-10-1993,rhb,rmf,right-hand bat,right-arm medium-fast,allrounder
83883,DC Drakes,P,Dominic Drakes,6-2-1998,lhb,lmf,left-hand bat,left-arm medium-fast,bowling allrounder
64402,LH Ferguson,P,Lockie Ferguson,13-6-1991,rhb,rf,right-hand bat,right-arm fast,bowler
72397,AS Joseph,P,Alzarri Joseph,20-11-1996,rhb,rf,right-hand bat,right-arm fast,bowler
77887,A Manohar,P,Abhinav Manohar,16-9-1994,rhb,lbg,right-hand bat,legbreak googly,batting allrounder
99252,DG Nalkande,P,Darshan Nalkande,4-10-1998,rhb,rfm,right-hand bat,right-arm fast-medium,bowler
105215,Noor Ahmad,P,Noor Ahmad,3-1-2005,rhb,lws,right-hand bat,left-arm wrist-spin,bowler
90143,Rahmanullah Gurbaz,P,Rahmanullah Gurbaz,28-11-2001,rhb,rm,right-hand bat,right-arm medium,wicketkeeper batter
79159,Rashid Khan,P,Rashid Khan,20-9-1998,rhb,lbg,right-hand bat,legbreak googly,bowling allrounder
94051,R Sai Kishore,P,Sai Kishore,6-11-1996,lhb,sla,left-hand bat,slow left-arm orthodox,bowler
102753,B Sai Sudharsan,P,Sai Sudharsan,15-10-2001,lhb,lb,left-hand bat,legbreak,top-order batter
95316,Shubman Gill,P,Shubman Gill,8-9-1999,rhb,ob,right-hand bat,right-arm offbreak,middle-order batter
60628,R Tewatia,P,Rahul Tewatia,20-5-1993,lhb,lb,left-hand bat,legbreak,bowling allrounder
62051,J Yadav,P,Jayant Yadav,22-1-1990,rhb,ob,right-hand bat,right-arm offbreak,bowler
103597,Yash Dayal,P,Yash Dayal,13-12-1997,rhb,lmf,right-hand bat,left-arm medium-fast,bowler
52290,JJ Roy,P,Jason Roy,21-7-1990,rhb,,right-hand bat,,opening batter
71331,SS Iyer,C,Shreyas Iyer,6-12-1994,rhb,"ob,lbg",right-hand bat,"right-arm offbreak,legbreak googly",top-order batter
108718,Aman Hakim Khan,P,Aman Khan,23-11-1996,rhb,rm,right-hand bat,right-arm medium,allrounder
111243,Ashok Sharma,P,Ashok Sharma,17-6-2002,rhb,rm,right-hand bat,right-arm medium,bowler
52241,SW Billings,P,Sam Billings,15-6-1991,rhb,,right-hand bat,,wicketkeeper batter
111976,Harshit Rana,P,Harshit Rana,22-12-2001,rhb,rf,right-hand bat,right-arm fast,bowler
63522,B Indrajith,P,Baba Indrajith,8-7-1994,rhb,lbg,right-hand bat,legbreak googly,top-order batter
81147,VR Iyer,P,Venkatesh Iyer,25-12-1994,lhb,rm,left-hand bat,right-arm medium,allrounder
70580,C Karunaratne,P,Chamika Karunaratne,29-5-1996,rhb,rmf,right-hand bat,right-arm medium-fast,bowling allrounder
46888,Mohammad Nabi,P,Mohammad Nabi,1-1-1985,rhb,ob,right-hand bat,right-arm offbreak,allrounder
96779,Pratham Singh,P,Pratham Singh,31-8-1992,lhb,ob,left-hand bat,right-arm offbreak,opening batter
111241,Ramesh Kumar,P,Ramesh Kumar,1-1-1999,lhb,,left-hand bat,,bowler
70411,N Rana,P,Nitish Rana,27-12-1993,lhb,"rm,ob,lb",left-hand bat,"right-arm medium,right-arm offbreak,legbreak",middle-order batter
96408,AS Roy,P,Anukul Roy,30-11-1998,lhb,sla,left-hand bat,slow left-arm orthodox,allrounder
96417,Shivam Mavi,P,Shivam Mavi,26-11-1998,rhb,rfm,right-hand bat,right-arm fast-medium,bowler
75591,RK Singh,P,Rinku Singh,12-10-1997,lhb,ob,left-hand bat,right-arm offbreak,middle-order batter
96532,A Tomar,P,Abhijeet Tomar,14-3-1995,rhb,ob,right-hand bat,right-arm offbreak,opening batter
98673,CV Varun,P,Varun Chakravarthy,29-8-1991,rhb,lbg,right-hand bat,legbreak googly,bowler
64244,PJ Cummins,P,Pat Cummins,8-5-1993,rhb,rf,right-hand bat,right-arm fast,bowler
49532,AD Hales,P,Alex Hales,3-1-1989,rhb,rm,right-hand bat,right-arm medium,opening batter
103872,Rasikh Salam,P,Rasikh Salam,5-4-2000,rhb,rm,right-hand bat,right-arm medium,bowler
73507,Avesh Khan,P,Avesh Khan,13-12-1996,rhb,rfm,right-hand bat,right-arm fast-medium,bowler
102735,A Badoni,P,Ayush Badoni,3-12-1999,rhb,ob,right-hand bat,right-arm offbreak,batter
67342,PVD Chameera,P,Dushmantha Chameera,11-1-1992,rhb,rf,right-hand bat,right-arm fast,bowler
60737,K Gowtham,P,Krishnappa Gowtham,20-10-1988,rhb,ob,right-hand bat,right-arm offbreak,bowling allrounder
64479,DJ Hooda,P,Deepak Hooda,19-4-1995,rhb,ob,right-hand bat,right-arm offbreak,allrounder
61413,E Lewis,P,Evin Lewis,27-12-1991,lhb,,left-hand bat,,opening batter
56832,KR Mayers,P,Kyle Mayers,8-9-1992,lhb,rm,left-hand bat,right-arm medium,batting allrounder
101792,Mohsin Khan,P,Mohsin Khan,15-7-1998,lhb,lmf,left-hand bat,left-arm medium-fast,bowler
63224,KH Pandya,P,Krunal Pandya,24-3-1991,lhb,sla,left-hand bat,slow left-arm orthodox,allrounder
104770,Ravi Bishnoi,P,Ravi Bishnoi,5-9-2000,rhb,lbg,right-hand bat,legbreak googly,bowler
108519,KS Sharma,P,Karan Sharma,31-10-1998,rhb,ob,right-hand bat,right-arm offbreak,allrounder
54212,MP Stoinis,P,Marcus Stoinis,16-8-1989,rhb,rm,right-hand bat,right-arm medium,batting allrounder
62500,AJ Tye,P,Andrew Tye,12-12-1986,rhb,rmf,right-hand bat,right-arm medium-fast,bowler
111042,MP Yadav,P,Mayank Yadav,17-6-2002,rhb,rf,right-hand bat,right-arm fast,bowler
56993,MA Wood,P,Mark Wood,11-1-1990,rhb,rf,right-hand bat,right-arm fast,bowler
72385,FA Allen,P,Fabian Allen,7-5-1995,rhb,sla,right-hand bat,slow left-arm orthodox,bowling allrounder
81141,Anmolpreet Singh,P,Anmolpreet Singh,28-3-1998,rhb,ob,right-hand bat,right-arm offbreak,batter
72379,JC Archer,P,Jofra Archer,1-4-1995,rhb,rf,right-hand bat,right-arm fast,bowler
66116,M Ashwin,P,Murugan Ashwin,8-9-1990,rhb,lbg,right-hand bat,legbreak googly,bowler
75993,Basil Thampi,P,Basil Thampi,11-9-1993,rhb,rfm,right-hand bat,right-arm fast-medium,bowler
95429,D Brevis,P,Dewald Brevis,29-4-2003,rhb,lb,right-hand bat,legbreak,batting allrounder
107297,RR Buddhi,P,Rahul Buddhi,20-9-1997,lhb,ob,left-hand bat,right-arm offbreak,middle-order batter
83439,TH David,P,Tim David,16-3-1996,rhb,ob,right-hand bat,right-arm offbreak,middle-order batter
75325,Ishan Kishan,P,Ishan Kishan,18-7-1998,lhb,"ob,lb",left-hand bat,"right-arm offbreak,legbreak",wicketkeeper batter
101664,A Juyal,P,Aryan Juyal,11-11-2001,rhb,,right-hand bat,,wicketkeeper batter
103701,K Kartikeya,P,Kumar Kartikeya,26-12-1997,rhb,"sla,lws",right-hand bat,"slow left-arm orthodox,left-arm wrist-spin",bowler
96617,M Markande,P,Mayank Markande,11-11-1997,rhb,lb,right-hand bat,legbreak,bowler
89779,RP Meredith,P,Riley Meredith,21-6-1996,rhb,rf,right-hand bat,right-arm fast,bowler
96395,Ramandeep Singh,P,Ramandeep Singh,13-4-1997,rhb,rm,right-hand bat,right-arm medium,middle-order batter
80807,DR Sams,P,Daniel Sams,27-10-1992,rhb,lfm,right-hand bat,left-arm fast-medium,allrounder
94153,R Sanjay Yadav,P,Sanjay Yadav,10-5-1995,lhb,sla,left-hand bat,slow left-arm orthodox,allrounder
104752,HR Shokeen,P,Hrithik Shokeen,14-8-2000,rhb,ob,right-hand bat,right-arm offbreak,bowler
69697,T Stubbs,P,Tristan Stubbs,14-8-2000,rhb,ob,right-hand bat,right-arm offbreak,batter
102574,AS Tendulkar,P,Arjun Tendulkar,24-9-1999,lhb,lmf,left-hand bat,left-arm medium-fast,bowler
104396,NT Tilak Varma,P,Tilak Varma,8-11-2002,lhb,ob,left-hand bat,right-arm offbreak,batting allrounder
108342,Arshad Khan,P,Arshad Khan,20-12-1997,lhb,lfm,left-hand bat,left-arm fast-medium,bowler
62490,TS Mills,P,Tymal Mills,12-8-1992,rhb,lf,right-hand bat,left-arm fast,bowler
107007,VG Arora,P,Vaibhav Arora,14-12-1997,rhb,rfm,right-hand bat,right-arm fast-medium,bowler
101430,Arshdeep Singh,P,Arshdeep Singh,5-2-1999,lhb,lmf,left-hand bat,left-arm medium-fast,bowler
52161,JM Bairstow,P,Jonny Bairstow,26-9-1989,rhb,rm,right-hand bat,right-arm medium,wicketkeeper batter
66081,Baltej Singh,P,Baltej Singh,4-11-1990,rhb,rm,right-hand bat,right-arm medium,bowler
110981,RA Bawa,P,RajBawa,12-11-2002,lhb,rmf,left-hand bat,right-arm medium-fast,allrounder
95219,RD Chahar,P,Rahul Chahar,4-8-1999,rhb,lbg,right-hand bat,legbreak googly,bowler
74541,WB Chatterjee,P,Writtick Chatterjee,28-9-1992,rhb,ob,right-hand bat,right-arm offbreak,allrounder
80817,NT Ellis,P,Nathan Ellis,22-9-1994,rhb,rfm,right-hand bat,right-arm fast-medium,bowler
104281,Harpreet Brar,P,Harpreet Brar,16-9-1995,lhb,sla,left-hand bat,slow left-arm orthodox,bowler
48563,BAC Howell,P,Benny Howell,5-10-1988,rhb,rm,right-hand bat,right-arm medium,allrounder
59832,LS Livingstone,P,Liam Livingstone,4-8-1993,rhb,"ob,lb",right-hand bat,"right-arm offbreak,legbreak",batting allrounder
88977,PN Mankad,P,Prerak Mankad,23-4-1994,rhb,rm,right-hand bat,right-arm medium,allrounder
107505,AP Patel,P,Ansh Patel,19-2-2002,rhb,lws,right-hand bat,left-arm wrist-spin,bowler
89889,IC Porel,P,Ishan Porel,5-9-1998,rhb,rm,right-hand bat,right-arm medium,bowler
103766,Prabhsimran Singh,P,Prabhsimran Singh,10-8-2000,rhb,,right-hand bat,,wicketkeeper batter
67296,K Rabada,P,Kagiso Rabada,25-5-1995,lhb,rf,left-hand bat,right-arm fast,bowler
56511,PBB Rajapaksa,P,Bhanuka Rajapaksa,24-10-1991,lhb,rm,left-hand bat,right-arm medium,top-order batter
75315,M Shahrukh Khan,P,M Shahrukh Khan,27-5-1995,rhb,ob,right-hand bat,right-arm offbreak,batter
75347,JM Sharma,P,Jitesh Sharma,22-10-1993,rhb,,right-hand bat,,wicketkeeper batter
80451,OF Smith,P,Odean Smith,1-11-1996,rhb,rfm,right-hand bat,right-arm fast-medium,bowling allrounder
101424,A Taide,P,Atharva Taide,26-4-2000,lhb,sla,left-hand bat,slow left-arm orthodox,batting allrounder
103693,Anunay Singh,P,Anunay Singh,3-1-1993,rhb,,right-hand bat,,bowler
69308,C Bosch,P,Corbin Bosch,10-9-1994,rhb,rfm,right-hand bat,right-arm fast-medium,allrounder
51092,TA Boult,P,Trent Boult,22-7-1989,rhb,lfm,right-hand bat,left-arm fast-medium,bowler
53271,JC Buttler,P,Jos Buttler,8-9-1990,rhb,,right-hand bat,,wicketkeeper batter
77835,KC Cariappa,P,KC Cariappa,13-4-1994,rhb,lb,right-hand bat,legbreak,bowler
110590,SS Garhwal,P,Shubham Garhwal,14-5-1995,lhb,sla,left-hand bat,slow left-arm orthodox,batter
72393,SO Hetmyer,P,Shimron Hetmyer,26-12-1996,lhb,,left-hand bat,,middle-order batter
102743,YBK Jaiswal,P,Yashasvi Jaiswal,28-12-2001,lhb,lb,left-hand bat,legbreak,opening batter
104817,DC Jurel,P,Dhruv Jurel,21-1-2001,rhb,,right-hand bat,,wicketkeeper batter
83915,OC McCoy,P,Obed McCoy,4-1-1997,lhb,lfm,left-hand bat,left-arm fast-medium,bowler
58772,DJ Mitchell,P,Daryl Mitchell,20-5-1991,rhb,rm,right-hand bat,right-arm medium,batting allrounder
57196,JDS Neesham,P,James Neesham,17-9-1990,lhb,rmf,left-hand bat,right-arm medium-fast,batting allrounder
100878,D Padikkal,P,Devdutt Padikkal,7-7-2000,lhb,ob,left-hand bat,right-arm offbreak,top-order batter
96392,R Parag,P,Riyan Parag,10-11-2001,rhb,"ob,lb",right-hand bat,"right-arm offbreak,legbreak",top-order batter
84635,M Prasidh Krishna,P,Prasidh Krishna,19-2-1996,rhb,rfm,right-hand bat,right-arm fast-medium,bowler
74633,NA Saini,P,Navdeep Saini,23-11-1992,rhb,rf,right-hand bat,right-arm fast,bowler
104045,KR Sen,P,Kuldeep Sen,22-10-1996,rhb,rf,right-hand bat,right-arm fast,bowler
96752,Tejas Baroka,P,Tejas Baroka,1-2-1996,rhb,lbg,right-hand bat,legbreak googly,bowler
55398,HE van der Dussen,P,Rassie van der Dussen,7-2-1989,rhb,lb,right-hand bat,legbreak,top-order batter
106886,K Yadav,P,Kuldip Yadav,15-10-1996,lhb,lfm,left-hand bat,left-arm fast-medium,bowler
104922,Akash Deep,P,Akash Deep,15-12-1996,rhb,rfm,right-hand bat,right-arm fast-medium,bowler
89097,FH Allen,P,Finn Allen,22-4-1999,rhb,,right-hand bat,,top-order batter
101312,Anuj Rawat,P,Anuj Rawat,17-10-1999,lhb,,left-hand bat,,wicketkeeper batter
50789,JP Behrendorff,P,Jason Behrendorff,20-4-1990,rhb,lfm,right-hand bat,left-arm fast-medium,bowler
110992,AN Gautam,P,Aneeshwar Gautam,16-1-2003,lhb,sla,left-hand bat,slow left-arm orthodox,bowling allrounder
51367,JR Hazlewood,P,Josh Hazlewood,8-1-1991,lhb,rfm,left-hand bat,right-arm fast-medium,bowler
81197,MK Lomror,P,Mahipal Lomror,16-11-1999,lhb,sla,left-hand bat,slow left-arm orthodox,allrounder
70434,CV Milind,P,Chama Milind,4-9-1994,lhb,lm,left-hand bat,left-arm medium,bowler
87477,Mohammed Siraj,P,Mohammed Siraj,13-3-1994,rhb,rf,right-hand bat,right-arm fast,bowler
80645,RM Patidar,P,Rajat Patidar,1-6-1993,rhb,ob,right-hand bat,right-arm offbreak,top-order batter
96803,SS Prabhudessai,P,Suyash Prabhudessai,6-12-1997,rhb,rm,right-hand bat,right-arm medium,batting allrounder
84201,SE Rutherford,P,Sherfane Rutherford,15-8-1998,lhb,rfm,left-hand bat,right-arm fast-medium,middle-order batter
103588,Shahbaz Ahmed,P,Shahbaz Ahmed,11-12-1994,lhb,sla,left-hand bat,slow left-arm orthodox,allrounder
53121,DJ Willey,P,David Willey,28-2-1990,lhb,lfm,left-hand bat,left-arm fast-medium,bowling allrounder
103079,LS Sisodia,P,Luvnith Sisodia,15-1-2000,lhb,lm,left-hand bat,left-arm medium,wicketkeeper batter
59610,SA Abbott,P,Sean Abbott,29-2-1992,rhb,rfm,right-hand bat,right-arm fast-medium,bowling allrounder
104814,Abdul Samad,P,Abdul Samad,28-10-2001,rhb,lb,right-hand bat,legbreak,batter
95320,Abhishek Sharma,P,Abhishek Sharma,4-9-2000,lhb,sla,left-hand bat,slow left-arm orthodox,batting allrounder
90231,Fazalhaq Farooqi,P,Fazalhaq Farooqi,22-9-2000,rhb,lfm,right-hand bat,left-arm fast-medium,bowler
95319,PK Garg,P,Priyam Garg,30-11-2000,rhb,rm,right-hand bat,right-arm medium,top-order batter
56596,S Gopal,P,Shreyas Gopal,4-9-1993,rhb,lb,right-hand bat,legbreak,allrounder
73871,M Jansen,P,Marco Jansen,1-5-2000,rhb,lf,right-hand bat,left-arm fast,bowling allrounder
101306,Kartik Tyagi,P,Kartik Tyagi,8-11-2000,rhb,rf,right-hand bat,right-arm fast,bowler
70277,AK Markram,P,Aiden Markram,4-10-1994,rhb,ob,right-hand bat,right-arm offbreak,allrounder
104786,SS Mishra,P,Sushant Mishra,23-12-2000,lhb,lmf,left-hand bat,left-arm medium-fast,bowler
79597,T Natarajan,P,T Natarajan,4-4-1991,lhb,lm,left-hand bat,left-arm medium,bowler
80639,GD Phillips,P,Glenn Phillips,6-12-1996,rhb,ob,right-hand bat,right-arm offbreak,allrounder
70405,N Pooran,P,Nicholas Pooran,2-10-1995,lhb,ob,left-hand bat,right-arm offbreak,wicketkeeper batter
63432,R Samarth,P,Ravikumar Samarth,22-1-1993,rhb,ob,right-hand bat,right-arm offbreak,opening batter
58341,Shashank Singh,P,Shashank Singh,21-11-1991,rhb,"rm,ob",right-hand bat,"right-arm medium,right-arm offbreak",batting allrounder
72505,R Shepherd,P,Romario Shepherd,26-11-1994,rhb,rfm,right-hand bat,right-arm fast-medium,bowling allrounder
66101,J Suchith,P,Jagadeesha Suchith,16-1-1994,lhb,sla,left-hand bat,slow left-arm orthodox,bowler
61999,RA Tripathi,P,Rahul Tripathi,2-3-1991,rhb,rm,right-hand bat,right-arm medium,top-order batter
108529,Umran Malik,P,Umran Malik,22-11-1999,rhb,rf,right-hand bat,right-arm fast,bowler
75995,Vishnu Vinod,P,Vishnu Vinod,2-12-1993,rhb,,right-hand bat,,wicketkeeper batter
75311,Washington Sundar,P,Washington Sundar,5-10-1999,lhb,ob,left-hand bat,right-arm offbreak,bowling allrounder
106883,SR Dubey,P,Saurabh Dubey,23-1-1998,rhb,lmf,right-hand bat,left-arm medium-fast,bowler
51088,KS Williamson,P,Kane Williamson,8-8-1990,rhb,ob,right-hand bat,right-arm offbreak,top-order batter
104787,Akash Singh,P,Akash Singh,26-4-2002,rhb,lmf,right-hand bat,left-arm medium-fast,bowler
58466,SSB Magala,P,Sisanda Magala,7-1-1991,rhb,rfm,right-hand bat,right-arm fast-medium,bowler
95065,AJ Mandal,P,Ajay Mandal,25-2-1996,lhb,sla,left-hand bat,slow left-arm orthodox,allrounder
110976,SK Rasheed,P,Shaik Rasheed,24-9-2004,rhb,lb,right-hand bat,legbreak,batter
110985,N Sindhu,P,Nishant Sindhu,9-4-2004,lhb,sla,left-hand bat,slow left-arm orthodox,allrounder
53320,BA Stokes,P,Ben Stokes,4-6-1991,lhb,rfm,left-hand bat,right-arm fast-medium,allrounder
70691,KA Jamieson,P,Kyle Jamieson,30-12-1994,rhb,rfm,right-hand bat,right-arm fast-medium,bowler
110107,Abishek Porel,P,Abishek Porel,17-10-2002,lhb,,left-hand bat,,wicketkeeper batter
85763,Mukesh Kumar,P,Mukesh Kumar,12-10-1993,rhb,rm,right-hand bat,right-arm medium,bowler
72363,PD Salt,P,Phil Salt,28-8-1996,rhb,ob,right-hand bat,right-arm offbreak,wicketkeeper batter
85975,JB Little,P,Josh Little,1-11-1999,rhb,lfm,right-hand bat,left-arm fast-medium,bowler
101742,UM Patel,P,Urvil Patel,17-10-1998,rhb,,right-hand bat,,wicketkeeper batter
61690,MD Shanaka,P,Dasun Shanaka,9-9-1991,rhb,rm,right-hand bat,right-arm medium,allrounder
114448,Aarya Desai,P,Aarya Desai,3-4-2003,lhb,ob,left-hand bat,right-arm offbreak,opening batter
55194,J Charles,P,Johnson Charles,14-1-1989,rhb,,right-hand bat,,wicketkeeper batter
96758,K Khejroliya,P,Kulwant Khejroliya,13-3-1992,lhb,lmf,left-hand bat,left-arm medium-fast,bowler
114312,Suyash Sharma,P,Suyash Sharma,15-5-2003,rhb,lbg,right-hand bat,legbreak googly,bowler
48777,D Wiese,P,David Wiese,18-5-1985,rhb,rmf,right-hand bat,right-arm medium-fast,allrounder
66691,Litton Das,P,Litton Das,13-10-1994,rhb,ob,right-hand bat,right-arm offbreak,wicketkeeper batter
104102,AN Guleria,P,Arpit Guleria,26-4-1997,rhb,rm,right-hand bat,right-arm medium,bowler
79151,Naveen-ul-Haq,P,Naveen-ul-Haq,23-9-1999,rhb,rmf,right-hand bat,right-arm medium-fast,bowler
95329,Yash Thakur,P,Yash Thakur,28-12-1998,rhb,rfm,right-hand bat,right-arm fast-medium,bowler
106850,Yudhvir Singh,P,Yudhvir Singh,13-9-1997,rhb,rmf,right-hand bat,right-arm medium-fast,bowler
114297,R Goyal,P,Raghav Goyal,26-1-2001,lhb,lws,left-hand bat,left-arm wrist-spin,bowler
96335,C Green,P,Cameron Green,3-6-1999,rhb,rfm,right-hand bat,right-arm fast-medium,batting allrounder
69674,D Jansen,P,Duan Jansen,1-5-2000,rhb,lf,right-hand bat,left-arm fast,bowler
106837,A Madhwal,P,Akash Madhwal,25-11-1993,rhb,rmf,right-hand bat,right-arm medium-fast,bowler
101744,SZ Mulani,P,Shams Mulani,13-3-1997,lhb,sla,left-hand bat,slow left-arm orthodox,allrounder
102738,N Wadhera,P,Nehal Wadhera,4-9-2000,lhb,lb,left-hand bat,legbreak,top-order batter
77669,JA Richardson,P,Jhye Richardson,20-9-1996,rhb,rf,right-hand bat,right-arm fast,bowler
72103,SM Curran,P,Sam Curran,3-6-1998,lhb,lmf,left-hand bat,left-arm medium-fast,allrounder
110604,Gurnoor Brar,P,Gurnoor Brar,25-5-2000,lhb,rf,left-hand bat,right-arm fast,bowler
103088,V Kaverappa,P,Vidwath Kaverappa,25-2-1999,rhb,rfm,right-hand bat,right-arm fast-medium,bowler
114254,Mohit Rathee,P,Mohit Rathee,13-1-1999,rhb,lb,right-hand bat,legbreak,allrounder
70472,MW Short,P,Matthew Short,8-11-1995,rhb,ob,right-hand bat,right-arm offbreak,top-order batter
52319,Sikandar Raza,P,Sikandar Raza,24-4-1986,rhb,"ob,lb",right-hand bat,"right-arm offbreak,legbreak",batting allrounder
110638,Abdul Basith,P,Abdul Basith,9-10-1998,rhb,ob,right-hand bat,right-arm offbreak,allrounder
74477,D Ferreira,P,Donovan Ferreira,21-7-1998,rhb,ob,right-hand bat,right-arm offbreak,allrounder
113566,KS Rathore,P,Kunal Singh Rathore,9-10-2002,lhb,,left-hand bat,,wicketkeeper batter
52656,JE Root,P,Joe Root,30-12-1990,rhb,ob,right-hand bat,right-arm offbreak,top-order batter
75433,AP Vasisht,P,Akash Vasisht,17-12-1994,lhb,sla,left-hand bat,slow left-arm orthodox,allrounder
58435,A Zampa,P,Adam Zampa,31-3-1992,rhb,lbg,right-hand bat,legbreak googly,bowler
114294,Avinash Singh,P,Avinash Singh,4-1-1998,rhb,rf,right-hand bat,right-arm fast,bowler
94720,MS Bhandage,P,Manoj Bhandage,5-10-1998,lhb,rmf,left-hand bat,right-arm medium-fast,allrounder
54369,MG Bracewell,P,Michael Bracewell,14-2-1991,lhb,ob,left-hand bat,right-arm offbreak,batting allrounder
113562,Rajan Kumar,P,Rajan Kumar,8-7-1996,lhb,lmf,left-hand bat,left-arm medium-fast,bowler
114290,H Sharma,P,Himanshu Sharma,6-6-1998,rhb,lb,right-hand bat,legbreak,bowler
94179,R Sonu Yadav,P,Sonu Yadav,11-11-1999,rhb,rmf,right-hand bat,right-arm medium-fast,allrounder
77873,V Vyshak,P,Vijaykumar Vyshak,31-1-1997,rhb,rm,right-hand bat,right-arm medium,bowler
83741,WG Jacks,P,Will Jacks,21-11-1998,rhb,ob,right-hand bat,right-arm offbreak,batting allrounder
62587,RJW Topley,P,Reece Topley,21-2-1994,rhb,lfm,right-hand bat,left-arm fast-medium,bowler
84027,HC Brook,P,Harry Brook,22-2-1999,rhb,rm,right-hand bat,right-arm medium,batter
87569,MJ Dagar,P,Mayank Dagar,11-11-1996,rhb,sla,right-hand bat,slow left-arm orthodox,bowler
66259,AJ Hosein,P,Akeal Hosein,25-4-1993,lhb,sla,left-hand bat,slow left-arm orthodox,bowler
61634,H Klaasen,P,Heinrich Klaasen,30-7-1991,rhb,ob,right-hand bat,right-arm offbreak,wicketkeeper batter
104825,K Nitish Kumar Reddy,P,Nitish Kumar Reddy,26-5-2003,rhb,rmf,right-hand bat,right-arm medium-fast,batting allrounder
49427,AU Rashid,P,Adil Rashid,17-2-1988,rhb,lb,right-hand bat,legbreak,bowler
101804,Sanvir Singh,P,Sanvir Singh,12-10-1996,rhb,rm,right-hand bat,right-arm medium,allrounder
108645,Vivrant Sharma,P,Vivrant Sharma,30-10-1999,lhb,lbg,left-hand bat,legbreak googly,allrounder
81201,SB Vyas,P,Samarth Vyas,28-11-1995,rhb,lbg,right-hand bat,legbreak googly,allrounder
75985,UD Yadav,P,Upendra Yadav,8-10-1996,rhb,ob,right-hand bat,right-arm offbreak,wicketkeeper batter
116328,Aravelly Avanish,P,Aravelly Avanish,2-6-2005,lhb,,left-hand bat,,wicketkeeper batter
63314,RJ Gleeson,P,Richard Gleeson,2-12-1987,rhb,rfm,right-hand bat,right-arm fast-medium,bowler
89105,R Ravindra,P,Rachin Ravindra,18-11-1999,lhb,sla,left-hand bat,slow left-arm orthodox,batting allrounder
104818,Sameer Rizvi,P,Sameer Rizvi,6-12-2003,rhb,ob,right-hand bat,right-arm offbreak,batter
71341,RK Bhui,P,Ricky Bhui,29-9-1996,rhb,lbg,right-hand bat,legbreak googly,top-order batter
116087,SS Chikara,P,Swastik Chikara,3-4-2005,rhb,ob,right-hand bat,right-arm offbreak,batter
104260,J Fraser-McGurk,P,Jake Fraser-McGurk,11-4-2002,rhb,lbg,right-hand bat,legbreak googly,batter
68405,SD Hope,P,Shai Hope,10-11-1993,rhb,,right-hand bat,,wicketkeeper batter
106914,K Kushagra,P,Kumar Kushagra,23-10-2004,rhb,,right-hand bat,,wicketkeeper batter
103611,Sumit Kumar,P,Sumit Kumar,12-12-1995,rhb,rmf,right-hand bat,right-arm medium-fast,allrounder
58488,LB Williams,P,Lizaad Williams,1-10-1993,lhb,rmf,left-hand bat,right-arm medium-fast,bowler
80247,Azmatullah Omarzai,P,Azmatullah Omarzai,24-3-2000,rhb,rmf,right-hand bat,right-arm medium-fast,allrounder
101328,SH Johnson,P,Spencer Johnson,16-12-1995,lhb,lf,left-hand bat,left-arm fast,bowler
84659,BR Sharath,P,BR Sharath,28-9-1996,rhb,,right-hand bat,,wicketkeeper batter
104755,MJ Suthar,P,Manav Suthar,3-8-2002,lhb,sla,left-hand bat,slow left-arm orthodox,bowling allrounder
114291,R Minz,P,Robin Minz,13-9-2002,lhb,sla,left-hand bat,slow left-arm orthodox,wicketkeeper
112855,AM Ghazanfar,P,AM Ghazanfar,20-3-2006,rhb,"ob,lb",right-hand bat,"right-arm offbreak,legbreak",bowler
110974,A Raghuvanshi,P,Angkrish Raghuvanshi,5-6-2004,rhb,sla,right-hand bat,slow left-arm orthodox,top-order batter
113744,Sakib Hussain,P,Sakib Hussain,14-12-2004,rhb,rm,right-hand bat,right-arm medium,bowler
53330,MA Starc,P,Mitchell Starc,30-1-1990,lhb,lf,left-hand bat,left-arm fast,bowler
93785,AAP Atkinson,P,Gus Atkinson,19-1-1998,rhb,rfm,right-hand bat,right-arm fast-medium,bowler
90165,Mujeeb Ur Rahman,P,Mujeeb Ur Rahman,28-3-2001,rhb,ob,right-hand bat,right-arm offbreak,bowler
64947,MJ Henry,P,Matt Henry,14-12-1991,rhb,rfm,right-hand bat,right-arm fast-medium,bowler
114592,S Joseph,P,Shamar Joseph,31-8-1999,lhb,rf,left-hand bat,right-arm fast,bowler
116042,AA Kulkarni,P,Arshin Kulkarni,15-2-2005,rhb,rm,right-hand bat,right-arm medium,allrounder
102751,M Siddharth,P,Manimaran Siddharth,3-7-1998,rhb,sla,right-hand bat,slow left-arm orthodox,bowler
64758,AJ Turner,P,Ashton Turner,25-1-1993,rhb,ob,right-hand bat,right-arm offbreak,middle-order batter
69729,G Coetzee,P,Gerald Coetzee,2-10-2000,rhb,rf,right-hand bat,right-arm fast,bowler
95328,HM Desai,P,Harvik Desai,4-10-1999,rhb,,right-hand bat,,wicketkeeper batter
104757,A Kamboj,P,Anshul Kamboj,6-12-2000,rhb,rm,right-hand bat,right-arm medium,bowler
111116,KT Maphaka,P,Kwena Maphaka,8-4-2006,lhb,lf,left-hand bat,left-arm fast,bowler
110603,Naman Dhir,P,Naman Dhir,31-12-1999,rhb,ob,right-hand bat,right-arm offbreak,top-order batter
104250,SS Sharma,P,Shivalik Sharma,28-11-1998,lhb,lbg,left-hand bat,legbreak googly,batter
88945,N Thushara,P,Nuwan Thushara,6-8-1994,rhb,rmf,right-hand bat,right-arm medium-fast,bowler
68020,L Wood,P,Luke Wood,2-8-1995,lhb,lfm,left-hand bat,left-arm fast-medium,bowler
79067,D Madushanka,P,Dilshan Madushanka,18-9-2000,rhb,lfm,right-hand bat,left-arm fast-medium,bowler
116573,Prince Choudhary,P,Prince Choudhary,29-9-1999,rhb,lb,right-hand bat,legbreak,
101791,AR Sharma,P,Ashutosh Sharma,15-9-1998,rhb,,right-hand bat,,batting allrounder
115076,Shivam Singh,P,Shivam Singh,25-11-1995,rhb,ob,right-hand bat,right-arm offbreak,allrounder
114569,VP Singh,P,Vishwanath Pratap Singh,18-6-1998,rhb,ob,right-hand bat,right-arm offbreak,
96437,T Thyagarajan,P,Tanay Thyagarajan,15-11-1995,lhb,sla,left-hand bat,slow left-arm orthodox,bowler
49496,CR Woakes,P,Chris Woakes,2-3-1989,rhb,rfm,right-hand bat,right-arm fast-medium,allrounder
106434,Abid Mushtaq,P,Abid Mushtaq,17-1-1997,lhb,sla,left-hand bat,slow left-arm orthodox,allrounder
89925,N Burger,P,Nandre Burger,11-8-1995,lhb,lfm,left-hand bat,left-arm fast-medium,bowler
108673,SB Dubey,P,Shubham Dubey,27-8-1994,lhb,ob,left-hand bat,right-arm offbreak,middle-order batter
63101,T Kohler-Cadmore,P,Tom Kohler-Cadmore,19-8-1994,rhb,ob,right-hand bat,right-arm offbreak,wicketkeeper batter
101425,TK Kotian,P,Tanush Kotian,16-10-1998,rhb,ob,right-hand bat,right-arm offbreak,bowling allrounder
50309,KA Maharaj,P,Keshav Maharaj,7-2-1990,rhb,sla,right-hand bat,slow left-arm orthodox,bowler
110679,SD Chauhan,P,Saurav Chauhan,27-5-2000,lhb,ob,left-hand bat,right-arm offbreak,top-order batter
67312,TK Curran,P,Tom Curran,12-3-1995,rhb,rfm,right-hand bat,right-arm fast-medium,allrounder
66190,TM Head,P,Travis Head,29-12-1993,lhb,ob,left-hand bat,right-arm offbreak,top-order batter
84797,J Subramanyan,P,Jhathavedh Subramanyan,16-9-1999,rhb,lb,right-hand bat,legbreak,bowler
102870,V Viyaskanth,P,Vijayakanth Viyaskanth,5-12-2001,rhb,lb,right-hand bat,legbreak,bowler
78239,PW Hasaranga,P,Wanindu Hasaranga,29-7-1997,rhb,lb,right-hand bat,legbreak,allrounder
62457,CR Brathwaite,P,Carlos Brathwaite,18-7-1988,rhb,rfm,right-hand bat,right-arm fast-medium,allrounder
66353,AA Herwadkar,P,Akhil Herwadkar,31-10-1994,lhb,ob,left-hand bat,right-arm offbreak,opening batter
19422,Imran Tahir,P,Imran Tahir,27-3-1979,rhb,lbg,right-hand bat,legbreak googly,bowler
75251,Pratyush Singh,P,Pratyush Singh,4-9-1994,rhb,lbg,right-hand bat,legbreak googly,bowler
64796,JS Paris,P,Joel Paris,11-12-1992,lhb,lfm,left-hand bat,left-arm fast-medium,bowler
70418,Amit Mishra,P,Amit Mishra,11-11-1991,rhb,rm,right-hand bat,right-arm medium,bowler
84649,S Kaushik,P,Shivil Kaushik,7-9-1995,rhb,lws,right-hand bat,left-arm wrist-spin,bowler
64767,AD Nath,P,Akshdeep Nath,10-5-1993,rhb,rmf,right-hand bat,right-arm medium-fast,middle-order batter
70115,UA Sharma,P,Umang Sharma,20-10-1989,rhb,ob,right-hand bat,right-arm offbreak,middle-order batter
9952,HM Amla,P,Hashim Amla,31-3-1983,rhb,"rm,ob",right-hand bat,"right-arm medium,right-arm offbreak",top-order batter
89169,Armaan Jaffer,P,Armaan Jaffer,25-10-1998,rhb,ob,right-hand bat,right-arm offbreak,middle-order batter
48148,F Behardien,P,Farhaan Behardien,9-10-1983,rhb,rfm,right-hand bat,right-arm fast-medium,batting allrounder
67458,NS Naik,P,Nikhil Naik,9-11-1994,rhb,,right-hand bat,,wicketkeeper batter
46717,P Sahu,P,Pardeep Sahu,21-8-1985,rhb,lbg,right-hand bat,legbreak googly,allrounder
56392,Manan Sharma,P,Manan Sharma,19-3-1991,lhb,sla,left-hand bat,slow left-arm orthodox,allrounder
49106,C Munro,P,Colin Munro,11-3-1987,lhb,rmf,left-hand bat,right-arm medium-fast,opening batter
51057,CJ Anderson,P,Corey Anderson,13-12-1990,lhb,lmf,left-hand bat,left-arm medium-fast,batting allrounder
48927,MJ Guptill,P,Martin Guptill,30-9-1986,rhb,ob,right-hand bat,right-arm offbreak,opening batter
84749,K Kamath,P,Kishore Kamath,31-1-1995,rhb,lb,right-hand bat,legbreak,allrounder
60557,SD Lad,P,Siddhesh Lad,23-5-1992,rhb,ob,right-hand bat,right-arm offbreak,middle-order batter
53716,MJ McClenaghan,P,Mitchell McClenaghan,11-6-1986,lhb,lfm,left-hand bat,left-arm fast-medium,bowler
79893,DS Punia,P,Deepak Punia,27-9-1993,rhb,rm,right-hand bat,right-arm medium,bowler
81195,NB Singh,P,Nathu Singh,8-9-1995,rhb,rm,right-hand bat,right-arm medium,bowler
50420,AA Wakhare,P,Akshay Wakhare,3-10-1985,rhb,ob,right-hand bat,right-arm offbreak,bowler
45256,LMP Simmons,P,Lendl Simmons,25-1-1985,rhb,rmf,right-hand bat,right-arm medium-fast,top-order batter
70415,AK Bains,P,Ankush Bains,16-12-1995,rhb,,right-hand bat,,wicketkeeper batter
61993,SM Boland,P,Scott Boland,11-4-1989,rhb,rfm,right-hand bat,right-arm fast-medium,bowler
55321,PSP Handscomb,P,Peter Handscomb,26-4-1991,rhb,,right-hand bat,,batter
67063,Jaskaran Singh,P,Jaskaran Singh,21-12-1991,lhb,lm,left-hand bat,left-arm medium,bowler
48671,UT Khawaja,P,Usman Khawaja,18-12-1986,lhb,rm,left-hand bat,right-arm medium,top-order batter
66129,AK Karnewar,P,Akshay Karnewar,12-10-1992,lhb,"ob,sla",left-hand bat,"right-arm offbreak,slow left-arm orthodox",bowler
58408,T Shamsi,P,Tabraiz Shamsi,18-2-1990,rhb,lws,right-hand bat,left-arm wrist-spin,bowler
63434,V Tokas,P,Vikas Tokas,16-10-1986,rhb,rm,right-hand bat,right-arm medium,bowler
66726,BB Sran,P,Barinder Sran,10-12-1992,lhb,lm,left-hand bat,left-arm medium,bowler
54385,AR Bawne,P,Ankit Bawne,17-12-1992,rhb,ob,right-hand bat,right-arm offbreak,middle-order batter
96401,SS Agarwal,P,Shubham Agarwal,21-11-1993,rhb,lbg,right-hand bat,legbreak googly,
96768,Ankit Soni,P,Ankit Soni,2-8-1993,rhb,lb,right-hand bat,legbreak,allrounder
66416,Chirag Suri,P,Chirag Suri,18-2-1995,rhb,"ob,lbg",right-hand bat,"right-arm offbreak,legbreak googly",opening batter
70708,SS Shaurya,P,Shelley Shaurya,17-9-1993,rhb,rm,right-hand bat,right-arm medium,
47231,C de Grandhomme,P,Colin de Grandhomme,22-7-1986,rhb,rmf,right-hand bat,right-arm medium-fast,allrounder
76443,SS Ghosh,P,Sayan Ghosh,16-9-1992,rhb,rm,right-hand bat,right-arm medium,bowler
57410,DAS Gunaratne,P,Asela Gunaratne,8-1-1986,rhb,rmf,right-hand bat,right-arm medium-fast,batter
70730,Saurabh Kumar,P,Saurabh Kumar,1-5-1993,lhb,sla,left-hand bat,slow left-arm orthodox,allrounder
89899,M Tandon,P,Milind Tandon,29-10-1993,rhb,,right-hand bat,,
66371,B Stanlake,P,Billy Stanlake,4-11-1994,lhb,rf,left-hand bat,right-arm fast,bowler
78923,TD Agarwal,P,Tanmay Agarwal,3-5-1995,lhb,lbg,left-hand bat,legbreak googly,opening batter
70846,C Bishnoi,P,Chaitanya Bishnoi,25-8-1994,lhb,sla,left-hand bat,slow left-arm orthodox,batting allrounder
70637,Kshitiz Sharma,P,Kshitiz Sharma,21-4-1990,rhb,ob,right-hand bat,right-arm offbreak,top-order batter
73505,Monu Kumar,P,Monu Kumar,5-11-1994,rhb,rm,right-hand bat,right-arm medium,bowling allrounder
81131,KK Seth,P,Kanishk Seth,4-11-1997,rhb,lm,right-hand bat,left-arm medium,allrounder
68885,DR Shorey,P,Dhruv Shorey,5-6-1992,rhb,ob,right-hand bat,right-arm offbreak,top-order batter
67090,CJ Dala,P,Junior Dala,29-12-1989,rhb,rm,right-hand bat,right-arm medium,bowler
89165,S Lamichhane,P,Sandeep Lamichhane,2-8-2000,rhb,lbg,right-hand bat,legbreak googly,bowler
96411,Manjot Kalra,P,Manjot Kalra,15-1-1999,lhb,rab,left-hand bat,right-arm bowler,opening batter
45443,LE Plunkett,P,Liam Plunkett,6-4-1985,rhb,rf,right-hand bat,right-arm fast,bowler
72565,BJ Dwarshuis,P,Ben Dwarshuis,23-6-1994,lhb,lfm,left-hand bat,left-arm fast-medium,bowler
96443,Manzoor Dar,P,Manzoor Dar,1-11-1993,rhb,ob,right-hand bat,right-arm offbreak,middle-order batter
53990,CS Delport,P,Cameron Delport,12-5-1989,lhb,rm,left-hand bat,right-arm medium,top-order batter
49035,JPR Scantlebury-Searles,P,Javon Searles,21-12-1986,rhb,rfm,right-hand bat,right-arm fast-medium,bowling allrounder
75843,SR Lumba,P,Sharad Lumba,10-9-1989,rhb,ob,right-hand bat,right-arm offbreak,middle-order batter
80615,MD Nidheesh,P,MD Nidheesh,5-5-1991,rhb,rm,right-hand bat,right-arm medium,bowler
96419,Tajinder Singh,P,Tajinder Singh,25-5-1992,rhb,ob,right-hand bat,right-arm offbreak,allrounder
101475,AV Birla,P,Aryaman Birla,9-7-1997,lhb,sla,left-hand bat,slow left-arm orthodox,opening batter
64741,P Chopra,P,Prashant Chopra,7-10-1992,rhb,lbg,right-hand bat,legbreak googly,opening batter
8579,Jatin S Saxena,P,Jatin Saxena,4-8-1982,rhb,lb,right-hand bat,legbreak,top-order batter
101751,S Midhun,P,Sudhesan Midhun,7-10-1994,rhb,lbg,right-hand bat,legbreak googly,bowler
53268,DJM Short,P,D'Arcy Short,9-8-1990,lhb,lws,left-hand bat,left-arm wrist-spin,opening batter
67586,IS Sodhi,P,Ish Sodhi,31-10-1992,rhb,lb,right-hand bat,legbreak,bowler
74917,Zahir Khan,P,Zahir Khan,20-12-1998,lhb,lws,left-hand bat,left-arm wrist-spin,bowler
60527,PU Deshpande,P,Pavan Deshpande,16-9-1989,lhb,ob,left-hand bat,right-arm offbreak,allrounder
60508,AA Joshi,P,Aniruddha Joshi,7-11-1987,rhb,ob,right-hand bat,right-arm offbreak,middle-order batter
63518,M Hassan,P,Mehdi Hassan,3-2-1990,lhb,sla,left-hand bat,slow left-arm orthodox,bowler
66844,SC Kuggeleijn,P,Scott Kuggeleijn,3-1-1992,rhb,rfm,right-hand bat,right-arm fast-medium,bowling allrounder
68671,B Ayyappa,P,Bandaru Ayyappa,27-10-1992,rhb,rm,right-hand bat,right-arm medium,bowler
72509,KMA Paul,P,Keemo Paul,21-2-1998,rhb,rfm,right-hand bat,right-arm fast-medium,allrounder
96786,AC Ayachi,P,Agnivesh Ayachi,15-6-1995,rhb,rm,right-hand bat,right-arm medium,bowler
58253,GC Viljoen,P,Hardus Viljoen,6-3-1989,rhb,rf,right-hand bat,right-arm fast,bowler
46925,JL Denly,P,Joe Denly,16-3-1986,rhb,lb,right-hand bat,legbreak,top-order batter
49441,HF Gurney,P,Harry Gurney,25-10-1986,rhb,lfm,right-hand bat,left-arm fast-medium,bowler
101217,Y Prithvi Raj,P,Prithvi Raj,20-2-1998,lhb,lm,left-hand bat,left-arm medium,bowler
58511,BE Hendricks,P,Beuran Hendricks,8-6-1990,lhb,lfm,left-hand bat,left-arm fast-medium,bowler
71811,PP Jaiswal,P,Pankaj Jaswal,20-9-1995,rhb,rm,right-hand bat,right-arm medium,bowler
67459,SS Ranjane,P,Shubham Ranjane,26-3-1994,rhb,rm,right-hand bat,right-arm medium,allrounder
84225,O Thomas,P,Oshane Thomas,18-2-1997,lhb,rf,left-hand bat,right-arm fast,bowler
79631,Himmat Singh,P,Himmat Singh,8-11-1996,rhb,ob,right-hand bat,right-arm offbreak,batter
62181,Milind Kumar,P,Milind Kumar,15-2-1991,rhb,ob,right-hand bat,right-arm offbreak,allrounder
103589,P Ray Barman,P,Prayas Ray Barman,25-10-2002,rhb,lbg,right-hand bat,legbreak googly,bowler
54314,AT Carey,P,Alex Carey,27-8-1991,lhb,,left-hand bat,,wicketkeeper batter
64443,SS Cottrell,P,Sheldon Cottrell,19-8-1989,rhb,lfm,right-hand bat,left-arm fast-medium,bowler
82071,T Banton,P,Tom Banton,11-11-1998,rhb,,right-hand bat,,wicketkeeper batter
78281,CJ Green,P,Chris Green,1-10-1993,rhb,ob,right-hand bat,right-arm offbreak,bowling allrounder
85811,Ali Khan,P,Ali Khan,13-12-1990,rhb,rfm,right-hand bat,right-arm fast-medium,bowler
106875,DR Deshmukh,P,Digvijay Deshmukh,12-4-1998,rhb,rfm,right-hand bat,right-arm fast-medium,bowler
107083,Prince Balwant Rai,P,Prince Balwant Rai,5-5-1999,rhb,lbg,right-hand bat,legbreak googly,allrounder
101339,JR Philippe,P,Josh Philippe,1-6-1997,rhb,,right-hand bat,,wicketkeeper batter
54460,I Udana,P,Isuru Udana,17-2-1988,rhb,lmf,right-hand bat,left-arm medium-fast,allrounder
60866,BP Sandeep,P,Bavanaka Sandeep,25-4-1992,lhb,sla,left-hand bat,slow left-arm orthodox,batter
75321,Virat Singh,P,Virat Singh,8-12-1997,lhb,lbg,left-hand bat,legbreak googly,top-order batter
101781,MH Reddy,P,Harishankar Reddy,2-6-1998,rhb,rm,right-hand bat,right-arm medium,bowler
68063,LI Meriwala,P,Lukman Meriwala,11-12-1991,lhb,lfm,left-hand bat,left-arm fast-medium,bowler
66110,RB Kalaria,P,Roosh Kalaria,16-1-1993,rhb,lm,right-hand bat,left-arm medium,bowler
96614,Utkarsh Singh,P,Utkarsh Singh,7-5-1998,lhb,ob,left-hand bat,right-arm offbreak,allrounder
49309,DJ Malan,P,Dawid Malan,3-9-1987,lhb,lb,left-hand bat,legbreak,top-order batter
71379,GHS Garton,P,George Garton,15-4-1997,lhb,lf,left-hand bat,left-arm fast,bowling allrounder
87471,Mohammed Azharuddeen,P,Mohammed Azharuddeen,22-3-1994,rhb,,right-hand bat,,wicketkeeper batter
117735,C Andre Siddarth,P,C Andre Siddarth,28-8-2006,rhb,,right-hand bat,,batter
113588,RS Ghosh,P,Ramakrishna Ghosh,28-8-1997,rhb,rmf,right-hand bat,right-arm medium-fast,bowling allrounder
118446,A Mhatre,P,Ayush Mhatre,16-7-2007,rhb,ob,right-hand bat,right-arm offbreak,batting allrounder
116608,V Bedi,P,Vansh Bedi,23-12-2002,rhb,,right-hand bat,,wicketkeeper batter
109636,Gurjapneet Singh,P,Gurjapneet Singh,8-11-1998,rhb,lmf,right-hand bat,left-arm medium-fast,bowler
65029,J Overton,P,Jamie Overton,10-4-1994,rhb,rf,right-hand bat,right-arm fast,bowling allrounder
115454,L Manvanth Kumar,P,Manvanth Kumar,11-1-2004,lhb,rfm,left-hand bat,right-arm fast-medium,allrounder
118247,V Nigam,P,Vipraj Nigam,28-7-2004,rhb,lb,right-hand bat,legbreak,bowler
103792,Sediqullah Atal,P,Sediqullah Atal,12-8-2001,lhb,,left-hand bat,,opening batter
118949,M Tiwari,P,Madhav Tiwari,28-9-2003,rhb,rmf,right-hand bat,right-arm medium-fast,allrounder
111006,T Vijay,P,Tripurana Vijay,5-9-2001,rhb,ob,right-hand bat,right-arm offbreak,bowler
79163,Karim Janat,P,Karim Janat,11-8-1998,rhb,rm,right-hand bat,right-arm medium,batting allrounder
70888,BKG Mendis,P,Kusal Mendis,2-2-1995,rhb,lb,right-hand bat,legbreak,wicketkeeper batter
118924,Shivam Shukla,P,Shivam Shukla,11-12-1995,rhb,lb,right-hand bat,legbreak,
69418,MP Breetzke,P,Matthew Breetzke,3-11-1998,rhb,,right-hand bat,,batter
104792,Y Chaudhary,P,Yuvraj Chaudhary,6-10-2001,lhb,sla,left-hand bat,slow left-arm orthodox,batting allrounder
107211,W O'Rourke,P,Will ORourke,6-8-2001,rhb,rf,right-hand bat,right-arm fast,bowler
114295,Prince Yadav,P,Prince Yadav,12-12-2001,rhb,rf,right-hand bat,right-arm fast,bowler
118980,DS Rathi,P,Digvesh Rathi,15-12-1999,rhb,lb,right-hand bat,legbreak,bowler
78229,KIC Asalanka,P,Charith Asalanka,29-6-1997,lhb,ob,left-hand bat,right-arm offbreak,batting allrounder
106971,Ashwani Kumar,P,Ashwani Kumar,29-8-2001,lhb,lm,left-hand bat,left-arm medium,bowler
116443,BJ Jacobs,P,Bevon Jacobs,6-5-2002,rhb,rm,right-hand bat,right-arm medium,middle-order batter
115469,PVSN Raju,P,Satyanarayana Raju,10-7-1999,rhb,rmf,right-hand bat,right-arm medium-fast,bowler
101287,RS Sharma,P,Raghu Sharma,11-3-1993,rhb,lb,right-hand bat,legbreak,bowler
77881,KL Shrijith,P,Krishnan Shrijith,12-8-1996,lhb,ob,left-hand bat,right-arm offbreak,wicketkeeper batter
118952,V Puthur,P,Vignesh Puthur,2-3-2001,rhb,lws,right-hand bat,left-arm wrist-spin,bowler
70498,RD Rickelton,P,Ryan Rickelton,11-7-1996,lhb,,left-hand bat,,wicketkeeper batter
104785,P Arya,P,Priyansh Arya,18-9-2001,lhb,ob,left-hand bat,right-arm offbreak,opening batter
112630,P Avinash,P,Pyla Avinash,7-7-2000,rhb,rmf,right-hand bat,right-arm medium-fast,batter
94319,XC Bartlett,P,Xavier Bartlett,17-12-1998,rhb,rfm,right-hand bat,right-arm fast-medium,bowler
101340,AM Hardie,P,Aaron Hardie,7-1-1999,rhb,rmf,right-hand bat,right-arm medium-fast,allrounder
110975,Harnoor Singh,P,Harnoor Singh,30-1-2003,lhb,lb,left-hand bat,legbreak,batter
72093,JP Inglis,P,Josh Inglis,4-3-1995,rhb,,right-hand bat,,wicketkeeper batter
112065,Musheer Khan,P,Musheer Khan,27-2-2005,rhb,sla,right-hand bat,slow left-arm orthodox,allrounder
107399,MJ Owen,P,Mitchell Owen,16-9-2001,rhb,rm,right-hand bat,right-arm medium,middle-order batter
113697,Suryansh Shedge,P,Suryansh Shedge,29-1-2003,rhb,rmf,right-hand bat,right-arm medium-fast,batting allrounder
115301,LG Pretorius,P,Lhuan-dre Pretorius,27-3-2006,lhb,,left-hand bat,,wicketkeeper batter
116341,V Suryavanshi,P,Vaibhav Suryavanshi,27-3-2011,lhb,sla,left-hand bat,slow left-arm orthodox,batter
118258,Abhinandan Singh,P,Abhinandan Singh,30-3-1997,rhb,rmf,right-hand bat,right-arm medium-fast,bowler
80845,B Muzarabani,P,Blessing Muzarabani,2-10-1996,rhb,rfm,right-hand bat,right-arm fast-medium,bowler
105968,JG Bethell,P,Jacob Bethell,23-10-2003,lhb,sla,left-hand bat,slow left-arm orthodox,batting allrounder
107515,HS Dubey,P,Harsh Dubey,23-7-2002,lhb,sla,left-hand bat,slow left-arm orthodox,bowling allrounder
111717,E Malinga,P,Eshan Malinga,4-2-2001,lhb,rfm,left-hand bat,right-arm fast-medium,bowler
78233,PHKD Mendis,P,Kamindu Mendis,30-9-1998,lhb,"ob,sla",left-hand bat,"right-arm offbreak,slow left-arm orthodox",allrounder
116417,AU Verma,P,Aniket Verma,5-2-2002,rhb,rmf,right-hand bat,right-arm medium-fast,batter
87573,Zeeshan Ansari,P,Zeeshan Ansari,16-12-1999,rhb,lbg,right-hand bat,legbreak googly,bowler
69920,BA Carse,P,Brydon Carse,31-7-1995,rhb,rfm,right-hand bat,right-arm fast-medium,bowling allrounder
74351,PWA Mulder,P,Wiaan Mulder,19-2-1998,rhb,rm,right-hand bat,right-arm medium,allrounder
112905,R Smaran,P,Ravichandran Smaran,5-5-2003,lhb,ob,left-hand bat,right-arm offbreak,batter
63577,HS Sharath,P,HS Sharath,6-2-1993,rhb,rm,right-hand bat,right-arm medium,bowler
53978,Karanveer Singh,P,Karanveer Singh,8-11-1987,rhb,lbg,right-hand bat,legbreak googly,
75249,Shivam Sharma,P,Shivam Sharma,9-9-1993,rhb,ob,right-hand bat,right-arm offbreak,
61488,SS Mondal,P,Sayan Mondal,10-11-1989,lhb,rm,left-hand bat,right-arm medium,
59118,BR Dunk,P,Ben Dunk,11-3-1987,lhb,ob,left-hand bat,right-arm offbreak,wicketkeeper batter
53391,K Santokie,P,Krishmar Santokie,20-12-1984,lhb,lm,left-hand bat,left-arm medium,bowler
55245,NJ Maddinson,P,Nic Maddinson,21-12-1991,lhb,sla,left-hand bat,slow left-arm orthodox,opening batter
45253,BRM Taylor,P,Brendan Taylor,6-2-1986,rhb,ob,right-hand bat,right-arm offbreak,wicketkeeper batter
81301,KK Jiyas,P,KK Jiyas,21-10-1991,rhb,lws,right-hand bat,left-arm wrist-spin,bowler
66143,DJ Muthuswami,P,Domnic Muthuswami,9-3-1981,rhb,rm,right-hand bat,right-arm medium,
64707,GS Sandhu,P,Gurinder Sandhu,14-6-1993,lhb,rfm,left-hand bat,right-arm fast-medium,bowler
12716,YA Golwalkar,P,Yogesh Golwalkar,13-2-1980,lhb,lb,left-hand bat,legbreak,
75799,AN Garhwal,P,Aditya Garhwal,15-4-1996,rhb,lbg,right-hand bat,legbreak googly,
68883,VP Rawal,P,Vaibhav Rawal,9-11-1991,lhb,lbg,left-hand bat,legbreak googly,middle-order batter
81273,SV Trivedi,P,Sagar Trivedi,20-10-1991,lhb,rm,left-hand bat,right-arm medium,
63458,SA Bhavane,P,Shishir  Bhavane,24-9-1991,lhb,ob,left-hand bat,right-arm offbreak,top-order batter
